CASE,SERIAL,REF,QUESTNNR,MODE,STARTED,BN01,BN01s,BN02,BN02s,BN03,BN03s,DB01,DB01s,IV01_01,SC01,SC02,SC03,SC04,SC05,SC06_01,SD01,SD02_01,SD07,SD07_04,SD11,SD11_10,SD13,SD14,SD14_08,SD16,SD18_01,TP01,TP01s,TP02,TP02s,TP03,TP03s,TP04,TP04s,TP05,TP05s,TIME001,TIME002,TIME003,TIME004,TIME005,TIME006,TIME007,TIME_SUM,MAILSENT,LASTDATA,STATUS,FINISHED,Q_VIEWER,LASTPAGE,MAXPAGE,MISSING,MISSREL,TIME_RSI
17.0,,,base,interview,2025-11-28 11:40:09,-2.0,t,-2.0,t,-2.0,t,-2.0,ok,2.0,2.0,1.0,4.0,1.0,1.0,no,2.0,24.0,1.0,,1.0,,1.0,4.0,,2.0,no,-2.0,t,-2.0,t,-2.0,t,-2.0,t,-2.0,t,18.0,2.0,5.0,4.0,14.0,9.0,6.0,58.0,,2025-11-28 11:41:07,complete,1.0,0.0,7.0,7.0,0.0,0.0,2.41
22.0,,,base,interview,2025-11-29 07:31:03,1.0,,1.0,,1.0,,-9.0,,2.0,2.0,2.0,4.0,3.0,3.0, Hjk,1.0,20.0,1.0,,9.0,,4.0,6.0,,6.0,Nope,-2.0,1.0,-2.0,1.0,-2.0,1.0,-2.0,1.0,-2.0,1.0,26.0,32.0,112.0,121.0,37.0,71.0,4.0,403.0,,2025-11-29 07:37:46,complete,1.0,0.0,7.0,7.0,4.0,0.0,1.53
32.0,,,base,interview,2025-11-30 08:07:07,,,,,,,,,2.0,2.0,,,,,,,,,,,,,,,,,,,,,,,,,,,19.0,33.0,72.0,,,,,124.0,,2025-11-30 08:09:11,,0.0,0.0,3.0,3.0,0.0,0.0,1.86
33.0,,,base,interview,2025-11-30 08:09:15,1.0,,1.0,,1.0,,,,2.0,2.0,1.0,4.0,1.0,1.0,The danger of mass screening approaches if stats are not considered. ,2.0,56.0,4.0,United Kingdom,10.0,PhD,1.0,8.0,Professor,11.0,"Really nice, Vera! Well done {EM_SMILING_FACE_WITH_SMILING_EYES}",-2.0,"Out of 105 that test positive, 5 have breast cancer.",-2.0,"Out of 1007, 8 contain CSAM.",-2.0,"Out of 359 who test positive, 9 are true positives.",-2.0,"Out of 1070 flagged, 80 are correct.",-2.0,"Out of 5150 flagged posts, 160 contain hate speech.",11.0,68.0,386.0,252.0,173.0,97.0,,987.0,,2025-11-30 08:25:42,,0.0,0.0,6.0,6.0,0.0,0.0,0.7
34.0,,,base,interview,2025-11-30 08:34:38,-2.0,-3.1415*i,-2.0,Was the man drawn with a crayon or a pencil? Did the drawing actually look like a man?,-2.0,About 131,,,2.0,2.0,2.0,3.0,2.0,3.0,Is it something to do with Star Wars?,2.0,99.0,4.0,My home country ,10.0,38 degrees Celsius,3.0,8.0,I act as a randomly drawn man,2.0,No,-2.0,Out of a lot only a few are positive,-2.0,Out of interest. 50 out of 200. I saw the answer on the web and copied it.,-2.0,Out of my mind. 30 out of 100. You gave the answer as the example,-2.0,I think AI will destroy our planet.,-2.0,Social media is bad.,5.0,4.0,276.0,199.0,92.0,123.0,,612.0,,2025-11-30 08:46:17,,0.0,0.0,6.0,6.0,0.0,0.0,1.35
36.0,,,base,interview,2025-11-30 13:45:01,1.0,,1.0,,1.0,,-9.0,,1.0,2.0,1.0,4.0,1.0,1.0,How well people understand probabilities.,1.0,48.0,4.0,UK,8.0,,1.0,4.0,,12.0,No problems with any of the questions.,-2.0,5 out of 105,-2.0,8 out of 1007,-2.0,9 out of 359,-2.0,80 out of 1070,-2.0,160 out of 5150,25.0,33.0,123.0,213.0,91.0,32.0,6.0,523.0,,2025-11-30 13:53:44,complete,1.0,0.0,7.0,7.0,4.0,0.0,1.31
47.0,,,base,interview,2025-12-01 13:29:17,-2.0,y,-2.0,y,-2.0,y,-2.0,n,2.0,2.0,1.0,3.0,3.0,3.0,n,1.0,40.0,1.0,,7.0,,1.0,5.0,,4.0,n,-2.0,y,-2.0,y,-2.0,y,-2.0,y,-2.0,y (test vera),3.0,8.0,10.0,4.0,21.0,8.0,7.0,61.0,,2025-12-01 13:30:18,,1.0,0.0,7.0,7.0,0.0,0.0,2.73
48.0,,,base,interview,2025-12-01 13:34:06,-2.0,y,-2.0,y,-2.0,y,-2.0,y,1.0,2.0,2.0,2.0,2.0,3.0,n,1.0,40.0,1.0,,3.0,,5.0,7.0,,2.0,b,-2.0,y (test vera),-2.0,y,-2.0,y,-2.0,y,-2.0,y,3.0,3.0,9.0,3.0,17.0,10.0,4.0,49.0,,2025-12-01 13:34:55,,1.0,0.0,7.0,7.0,0.0,0.0,2.86
49.0,,,base,interview,2025-12-01 13:43:06,,,,,,,,,2.0,2.0,,,,,,,,,,,,,,,,,,,,,,,,,,,6.0,772.0,,,,,,74.0,,2025-12-01 13:56:04,,0.0,0.0,2.0,2.0,0.0,0.0,0.88
50.0,,,base,interview,2025-12-01 13:43:33,,,,,,,,,1.0,2.0,,,,,,,,,,,,,,,,,,,,,,,,,,,68.0,,,,,,,10.0,,2025-12-01 13:44:41,,0.0,0.0,1.0,1.0,0.0,0.0,0.15
51.0,,,base,interview,2025-12-01 13:43:56,1.0,,1.0,,1.0,,-9.0,,1.0,2.0,1.0,3.0,1.0,1.0,"No. As I said, I answered all of the 'out of' questions as the same 'problem' in each case, just with different numbers being used.",2.0,55.0,4.0,UK,8.0,,1.0,6.0,,4.0,I read all of the 'out of' questions as fundamentally the same problem being asked in each case.,-2.0,5 out of 105 - All 5 test positive that have it while there are 100 extra false positives.,-2.0,8 out of 1007 - I added the true 8 detections to the 999 false detections to get this result.,-2.0,9 out of 359 - I added the 9 (of the 10) correct detections and added the 350 false positives.,-2.0,80 out of 1070 - I added the 80 correctly flagged essays to the 990 incorrectly flagged essays.,-2.0,160 out of 5150 - I added the 160 correctly flagged posts to the 4990 incorrectly flagged posts.,4.0,48.0,311.0,52.0,72.0,58.0,18.0,563.0,,2025-12-01 13:53:19,,1.0,0.0,7.0,7.0,4.0,0.0,1.34
52.0,,,base,interview,2025-12-01 13:44:08,,,,,,,,,1.0,2.0,,,,,,,,,,,,,,,,,,,,,,,,,,,5.0,2.0,,,,,,7.0,,2025-12-01 13:44:16,,0.0,0.0,2.0,2.0,0.0,0.0,2.5
53.0,,,base,interview,2025-12-01 13:44:28,-2.0,Fgh,-2.0,Yjh,-2.0,Gih,-9.0,,1.0,1.0,1.0,2.0,2.0,2.0,Na,2.0,8.0,3.0,,3.0,,3.0,2.0,,8.0,Na,-2.0,Hahdg,-2.0,Drt,-2.0,1234.0,-2.0,Vjjc,-2.0,Gjhs,23.0,306.0,166.0,92.0,101.0,84.0,74.0,780.0,,2025-12-01 13:58:34,,1.0,0.0,7.0,7.0,4.0,0.0,0.8
54.0,,,base,interview,2025-12-01 13:45:52,1.0,,1.0,,1.0,,-9.0,,1.0,2.0,1.0,4.0,1.0,1.0,it's about whether random people can interpret numerical data,1.0,54.0,4.0,UK,8.0,,1.0,4.0,,9.0,I don't know why I was required to repeat essentially the same formula for how the probabilities were arrived at since all the cases followed exactly the same structure,-2.0,5 out of 105 calculated by adding true and false positives for denominator with true positives as numerator,-2.0,8 of 1007 -true positives as numerator/ true + false positives as denominator,-2.0,9 of 359 - true positives as numerator/true + false positives as denominator,-2.0,80 of 1070 - true positives divided by true + false positives,-2.0,160 of 5150 true positives divided by true + false positives,22.0,31.0,340.0,28.0,138.0,51.0,24.0,634.0,,2025-12-01 13:56:26,,1.0,0.0,7.0,7.0,4.0,0.0,1.21
55.0,,,base,interview,2025-12-01 13:45:55,,,,,,,,,1.0,2.0,,,,,,,,,,,,,,,,,,,,,,,,,,,3.0,86.0,,,,,,89.0,,2025-12-01 13:47:24,,0.0,0.0,2.0,2.0,0.0,0.0,1.9
56.0,,,base,interview,2025-12-01 13:46:00,2.0,,1.0,,1.0,,-9.0,,2.0,2.0,1.0,3.0,1.0,1.0,general skills,1.0,37.0,4.0,England,8.0,,5.0,6.0,,5.0,no,-2.0,5 out of 105. I calculate dthis by adding the positives together then subtracting the false positives.,-2.0,8 out of 1007. I added up the total number flagged and subtracted the 999 incorrectly flagged ones.,-2.0,"9 out of 359. I added the total  number who tested positive, then subtracted the false positives.",-2.0,80 out of 1070. I added together the flagged detections and subtracted the incorrectly flagged ones.,-2.0,160 out of 5150. I added toegther the flagges violations and subtracted the incorrectly flagged ones.,16.0,4.0,325.0,61.0,41.0,26.0,8.0,481.0,,2025-12-01 13:54:01,,1.0,0.0,7.0,7.0,4.0,0.0,1.53
57.0,,,base,interview,2025-12-01 13:46:16,2.0,,1.0,,1.0,,-9.0,,2.0,2.0,1.0,3.0,1.0,1.0,How to extrapolate numerical information .,2.0,54.0,4.0,United Kingdom,8.0,,1.0,4.0,,8.0,No,-2.0,"5 out of 105. Calculated by adding positives to false positives, then comparing true positives",-2.0,10 out of 1009.  Calculated by adding true to false flags and highlighting the true ones.,-2.0,9 out of 359. Calculated by adding false positives to positive tests and extrapolating the true positives.,-2.0,"80 out of 1070. I added the false flags to correct flags, then highlighted correct flags.",-2.0,160 out of 5150. Calculated by adding false flags to true flags and highlighting true flags.,4.0,21.0,539.0,91.0,49.0,57.0,12.0,773.0,,2025-12-01 13:59:09,,1.0,0.0,7.0,7.0,4.0,0.0,1.45
58.0,,,base,interview,2025-12-01 13:46:53,1.0,,2.0,,1.0,,-9.0,,2.0,2.0,1.0,4.0,1.0,1.0,problem solving ability,1.0,22.0,4.0,England,7.0,,1.0,4.0,,2.0,some where hard to answer,-2.0,"5 out of 105 i calculated this by adding the true positive and false positives, then finding out how many were true positivies",-2.0,"10 out of 999 calculated this by adding the true detections and false flags together, then finding how many were true detections",-2.0,"9 out of 359 I calculated this by adding the true positives and false positives together, then finding how many were true positives.",-2.0,"100 out of 1070 I calculated this by adding the true violations and false flags together, then finding how many were true violations.",-2.0,"200 out of 5150 I calculated this by adding the true violations and false flags together, then finding how many were true violations.",3.0,3.0,374.0,109.0,46.0,31.0,6.0,572.0,,2025-12-01 13:56:26,,1.0,0.0,7.0,7.0,4.0,0.0,1.73
59.0,,,base,interview,2025-12-01 13:47:25,1.0,,2.0,,1.0,,-9.0,,1.0,2.0,1.0,2.0,1.0,1.0,,1.0,23.0,4.0,England,8.0,,5.0,8.0,Carer,3.0,No,-2.0,5 out of 100 Beacuse the question states that 5 women have breast cancer and that they all tested postive.,-2.0,"10 out of 10,000 because the question state that 10 contain CSAM.",-2.0,"10 out 0f 7,000 because it states that in the question",-2.0,"100 out of 10,000 because it is stated in the question",-2.0,"200 out of 100,000 because it states it in the question",7.0,9.0,638.0,383.0,82.0,39.0,12.0,894.0,,2025-12-01 14:06:55,,1.0,0.0,7.0,7.0,8.0,3.0,1.11
60.0,,,base,interview,2025-12-01 13:47:27,,,,,,,,,2.0,2.0,,,,,,,,,,,,,,,,,,,,,,,,,,,9.0,23.0,,,,,,32.0,,2025-12-01 13:47:59,,0.0,0.0,2.0,2.0,0.0,0.0,2.03
61.0,,,base,interview,2025-12-01 13:47:35,1.0,,1.0,,1.0,,-9.0,,1.0,2.0,1.0,4.0,1.0,1.0,How an average person interprets data and can extract the requested informaiton from a data set,2.0,33.0,4.0,United Kingdom,7.0,,1.0,4.0,,5.0,nothing to add.,-2.0,"5 out of 105. I calculated this by adding the true positives and false positives together, then finding out how many were true positives",-2.0,"8 out of 1007. I calculated this by adding the true detections and false flags together, then finding out how many were true detections",-2.0,"9 out of 359. I calculated this by adding the true positives and false positives together, then finding out how many were true positives.",-2.0,"80 out of 1070. I calculated this by adding the true violations and false flags together, then finding out how many were true violations.",-2.0,"160 out of 5150. I calculated this by adding the true violations and false flags together, then finding out how many were true violations",5.0,22.0,512.0,71.0,34.0,45.0,15.0,704.0,,2025-12-01 13:59:19,,1.0,0.0,7.0,7.0,4.0,0.0,1.53
63.0,,,base,interview,2025-12-01 13:47:46,1.0,,2.0,,1.0,,-9.0,,1.0,2.0,1.0,3.0,1.0,1.0,,2.0,53.0,4.0,uk,7.0,,1.0,4.0,,10.0,Instructions on page 1 were too complicated to explain what we were supposed to do on page 2.,-2.0,5 out of 105. 5 out of 1000 have breast cancer. 105 out of 1000 test positive.,-2.0,"8 out of 1000. 10 out of 10000 actually contain CSAM,  but the screening only had an 80% success.",-2.0,9 out of 7000. The testing is only 90% effective so 1 of the 10 is missed.,-2.0,"80 out of 10000. The system is only 80% effective, only flagging 80 out of the 100.",-2.0,160 out of 100000. Only 160 out of the 200 are detected.,17.0,99.0,835.0,149.0,108.0,22.0,14.0,1244.0,,2025-12-01 14:08:30,,1.0,0.0,7.0,7.0,8.0,3.0,0.76
64.0,,,base,interview,2025-12-01 13:47:50,1.0,,1.0,,1.0,,-9.0,,1.0,2.0,1.0,3.0,1.0,1.0,,2.0,50.0,4.0,united kingdom,8.0,,1.0,4.0,,10.0,it was fine,-2.0,5 out of 100,-2.0,10 out of 999,-2.0,10 out of 351,-2.0,80 out of 1090,-2.0,160 out of 99800,8.0,153.0,429.0,55.0,85.0,34.0,8.0,772.0,,2025-12-01 14:00:42,,1.0,0.0,7.0,7.0,8.0,3.0,1.07
65.0,,,base,interview,2025-12-01 13:48:23,,,,,,,,,1.0,2.0,,,,,,,,,,,,,,,,,,,,,,,,,,,8.0,25.0,,,,,,33.0,,2025-12-01 13:48:56,,0.0,0.0,2.0,2.0,0.0,0.0,1.99
66.0,,,base,interview,2025-12-01 13:48:59,1.0,,-2.0,40.0,1.0,,-9.0,,2.0,2.0,1.0,3.0,1.0,1.0,Peoples understanding of statistics,1.0,51.0,4.0,UK,6.0,,1.0,6.0,,6.0,no,-2.0,5 out of 105. I added both total postives and then fund out the true positive,-2.0,8 out of 1007. I added all the messages flagged and gave the number that was detected,-2.0,"9 out of 359.I calculated this by adding the true positives and false positives together, then listing how many were true positives.",-2.0,"1070. I calculated this by adding the true violations and false flags together, and listed how many correctly flagged",-2.0,"5150. I calculated this by adding the true violations and false flags together, then listing how many flagged were correct",5.0,486.0,270.0,107.0,42.0,23.0,5.0,938.0,,2025-12-01 14:04:37,,1.0,0.0,7.0,7.0,4.0,0.0,1.36
67.0,,,base,interview,2025-12-01 13:49:17,1.0,,1.0,,1.0,,-9.0,,1.0,2.0,1.0,3.0,1.0,1.0,Being able to decipher probablities from text,2.0,43.0,4.0,United Kingdom,8.0,,1.0,4.0,,11.0,Once your rationalale has been written then it feels pointless repeating it for each example as it is the same,-2.0,"5 out of 105.  i calculated this by adding the true positives and false positives together, then showing how many were true positives",-2.0,"8 out of 1007. i calculated this by adding the true positives and false positives together, then showing how many were true positives",-2.0,"9 out of 359. i calculated this by adding the true positives and false positives together, then showing how many were true positives",-2.0,"80 out of 1070. i calculated this by adding the true violations and false flags together, then showing how many were true violations",-2.0,"160 out of 5150. i calculated this by adding the true violations and false flags together, then showing how many were true violations",20.0,168.0,290.0,65.0,81.0,44.0,13.0,681.0,,2025-12-01 14:00:38,,1.0,0.0,7.0,7.0,4.0,0.0,0.9
68.0,,,base,interview,2025-12-01 13:49:21,,,,,,,,,1.0,2.0,,,,,,,,,,,,,,,,,,,,,,,,,,,12.0,,,,,,,12.0,,2025-12-01 13:49:33,,0.0,0.0,1.0,1.0,0.0,0.0,0.83
69.0,,,base,interview,2025-12-01 13:49:34,,,,,,,,,2.0,2.0,,,,,,,,,,,,,,,,,,,,,,,,,,,4.0,9.0,,,,,,13.0,,2025-12-01 13:49:47,,0.0,0.0,2.0,2.0,0.0,0.0,2.75
70.0,,,base,interview,2025-12-01 13:49:36,,,,,,,,,1.0,2.0,,,,,,,,,,,,,,,,,,,,,,,,,,,19.0,123.0,,,,,,142.0,,2025-12-01 13:51:58,,0.0,0.0,2.0,2.0,0.0,0.0,0.54
71.0,,,base,interview,2025-12-01 13:50:05,1.0,,2.0,,-2.0,33.0,-9.0,,1.0,2.0,1.0,3.0,1.0,1.0,"it was a way of presenting information in a difficult to understand way , and trying to get you to digest the information ",2.0,53.0,4.0,UK,3.0,,1.0,6.0,,5.0,the wording of the question made it difficult to actually answer in the format you wanted,-2.0,5 out of 1000  it stated only 5 people had breast cancer in the summary,-2.0,"10 out of 9001 although according to the summary only 8 where detected by the screening program , with 999 incorrectly flagged",-2.0,"10 out of 7000 , according to the summary only 9 result positive after screening",-2.0,"80 out of 9010 where flagged by the screening as containing violations , but there where 990 incorrect resukts",-2.0,160 out of 95010 as there where 4990 incorrect flags however there where actually 200 containing hate sppech,7.0,59.0,817.0,193.0,76.0,72.0,14.0,1238.0,,2025-12-01 14:10:43,,1.0,0.0,7.0,7.0,4.0,0.0,0.8
72.0,,,base,interview,2025-12-01 13:50:07,1.0,,1.0,,1.0,,-9.0,,2.0,2.0,1.0,4.0,1.0,1.0,,2.0,34.0,4.0,UK,7.0,,1.0,4.0,,5.0,none,-2.0,"5 out of 105 True positives 5 + false positives 100 = 105, 5 are true.",-2.0,"8 out of 1,007 True detections 8 + false flags 999 = 1,007, 8 are true.",-2.0,"9 out of 359 True positives 9 + false positives 350 = 359, 9 are true.",-2.0,"80 out of 1,070 True violations 80 + false flags 990 = 1,070, 80 are true.",-2.0,"160 out of 5,150 True violations 160 + false flags 4,990 = 5,150, 160 are true.",3.0,2.0,438.0,29.0,778.0,28.0,3.0,571.0,,2025-12-01 14:11:28,,1.0,0.0,7.0,7.0,8.0,3.0,2.0
73.0,,,base,interview,2025-12-01 13:50:14,2.0,,1.0,,1.0,,-9.0,,1.0,2.0,1.0,3.0,1.0,1.0,,1.0,38.0,4.0,united kingdom,8.0,,1.0,5.0,,4.0,no all was ok,-2.0,5 out of 1000 i calculated this by how many have it and how mant test poistive,-2.0,10 out of 999 i calculated this by how many are present and how many get flagged,-2.0,9 out of 350 i calculated it by how many have it and how many get picked up,-2.0,80 out of 990 i calculated this by how many get flagged and how many get falsely flagged,-2.0,160 out of 5150 i calculated this by how many get flagged plus how many get falsely flagged,12.0,135.0,735.0,128.0,68.0,39.0,12.0,1129.0,,2025-12-01 14:09:03,,1.0,0.0,7.0,7.0,8.0,3.0,0.76
74.0,,,base,interview,2025-12-01 13:50:18,1.0,,2.0,,3.0,,-9.0,,2.0,2.0,1.0,2.0,1.0,1.0,Mental arthrimatic based on age and gender and location,1.0,50.0,4.0,UK,10.0,Literature,2.0,6.0,,6.0,Yes I found the first page really unclear but the second much easier to navigate,-2.0,5 out of 1000; I calculated this by subtracting the true positives from the 1000 women,-2.0,10 out of 10000. I calculated this by adding the true detections and flase detections and then finding how many were true detections.,-2.0,10 out of 360. I calculated this by adding the true positives and false positives together then finding how many were true positives,-2.0,80 out of 100. I detracted the essays with violations detected by the system against the 100 essayes with violations.,-2.0,160 out of 200. I calculated this by adding the true hate speech violations against those flagged by the system.,21.0,42.0,470.0,83.0,74.0,39.0,8.0,737.0,,2025-12-01 14:02:35,,1.0,0.0,7.0,7.0,4.0,0.0,1.02
75.0,,,base,interview,2025-12-01 13:50:22,1.0,,1.0,,1.0,,-9.0,,1.0,2.0,1.0,4.0,1.0,1.0,Understanding probability and statistics,2.0,51.0,4.0,UK,8.0,,1.0,5.0,,11.0,No thank you.,-2.0,"1000 out of 1000. Calculated by adding the number with breast cancer who test positive (5), with the number who don't but test positive (995)",-2.0,"8 out of 1009. There are 10 CSAM images in total, and only 8 of those were detected by the AI.",-2.0,"9 out of 359. I added the true positives (9) to the false positives (350), then identifying the number of true positives.",-2.0,"80 out of 1070. I added the true violations which were detected (80) to the false positives (990), then identified the actual number of truly detected violations.",-2.0,"160 out of 5150. I added the number of true violations detected (160) to the false flags (4990), then identified the number of true positives.",45.0,38.0,601.0,107.0,39.0,44.0,9.0,883.0,,2025-12-01 14:05:05,,1.0,0.0,7.0,7.0,4.0,0.0,1.02
76.0,,,base,interview,2025-12-01 13:50:34,,,,,,,,,2.0,2.0,,,,,,,,,,,,,,,,,,,,,,,,,,,10.0,58.0,,,,,,68.0,,2025-12-01 13:51:42,,0.0,0.0,2.0,2.0,0.0,0.0,1.09
77.0,,,base,interview,2025-12-01 13:50:40,1.0,,1.0,,1.0,,-9.0,,2.0,2.0,1.0,4.0,1.0,1.0,,2.0,46.0,4.0,United Kingdom,8.0,,2.0,7.0,,1.0,no everything was good.,-2.0,5 out of 105. I calculated this by adding the true positives and false positives together I then removed the true positives.,-2.0,"8 out of 1007. I calculated this by adding the true detections and false flags together, then finding how many were true detections.",-2.0,"9 out of 360. I calculated this by adding the true positives and false positives together, then finding how many were true positives.",-2.0,"80 out of 1070. I calculated this by adding the true violations and false flags together, then finding how many were true violations.",-2.0,"200 out of 5190. I calculated this by adding the true violations and false flags together, then finding how many were true violations.",5.0,2.0,511.0,66.0,600.0,21.0,3.0,676.0,,2025-12-01 14:10:48,,1.0,0.0,7.0,7.0,8.0,3.0,1.71
78.0,,,base,interview,2025-12-01 13:51:02,1.0,,1.0,,1.0,,-9.0,,2.0,2.0,1.0,4.0,1.0,1.0,,2.0,36.0,4.0,United Kingdom,8.0,,1.0,6.0,,9.0,"All the instructions were clear, I had no emotional disturbances while participating.",-2.0,5 out of 105. From the scenario we are told that exactly 105 (5 + 100) people test positive. Of these only 5 actually had breast cancer.,-2.0,"8 out of 1007. In total there were 8 true positives and 999 false positives, add them to get all positives. Out of these only 8 were true.",-2.0,"9 out of 359. The test returns 359 (9 + 350) positive results. Of those, only 9 are carrying a fetus with Down syndrome.",-2.0,80 out of 1070. Total number of flags is 1070 (80 + 990). Of these only 80 were true positives.,-2.0,160 out of 5150. Total number of flags is 5150 (160 + 4990). Of these only 160 were true positives.,38.0,786.0,738.0,246.0,88.0,36.0,14.0,1228.0,,2025-12-01 14:23:28,,1.0,0.0,7.0,7.0,8.0,3.0,0.53
79.0,,,base,interview,2025-12-01 13:51:10,,,,,,,,,2.0,2.0,,,,,,,,,,,,,,,,,,,,,,,,,,,15.0,158.0,,,,,,173.0,,2025-12-01 13:54:03,,0.0,0.0,2.0,2.0,0.0,0.0,0.55
80.0,,,base,interview,2025-12-01 13:51:13,5.0,,3.0,,3.0,,-9.0,,2.0,2.0,1.0,3.0,1.0,1.0,,1.0,37.0,4.0,United Kingdom,4.0,,4.0,8.0,Home,9.0,Nothing to add,-2.0,105/1000,-2.0,8/10000,-2.0,10/7000,-2.0,10/10000,-2.0,200/100000,134.0,10.0,370.0,36.0,33.0,14.0,3.0,476.0,,2025-12-01 14:01:13,,1.0,0.0,7.0,7.0,8.0,3.0,2.07
81.0,,,base,interview,2025-12-01 13:51:18,1.0,,1.0,,1.0,,-9.0,,1.0,2.0,1.0,3.0,1.0,1.0,,1.0,55.0,4.0,UK,8.0,,4.0,6.0,,4.0,no,-2.0,105 out of 1000; I calcullated this by adding the true positives together.,-2.0,1009 out of 10000; I calculated this by adding the true positives and the incorrectly flagged together.,-2.0,10 out of 7000; i calculated this by adding only the true positives,-2.0,1090 out of 10000; I calculated this by adding the true positives and the incorrectly flagged cases,-2.0,5290 out of 100000; i calculated this by adding the trye positives and the incorrectly flagged cases,28.0,40.0,528.0,159.0,28.0,25.0,5.0,813.0,,2025-12-01 14:04:51,,1.0,0.0,7.0,7.0,8.0,3.0,1.29
82.0,,,base,interview,2025-12-01 13:51:34,1.0,,1.0,,1.0,,-9.0,,2.0,2.0,1.0,3.0,1.0,1.0,No idea,1.0,33.0,4.0,UK,7.0,,1.0,6.0,,12.0,No all good,-2.0,5 out of 105 as there are 5 with cancer and they test poisitive + the 100 who test positive who don't have cancer,-2.0,8 out of 1007 as 8 are detected that are CSAM + 999 incorrectly flagged,-2.0,9 out of 359 as 9 who do have it and correctly identified and 350 who incorrectly test positive,-2.0,80 out of 1070 as 80 are correctly identified for violations + 990 who are incorrectly flagged,-2.0,160 out of 5150 as 160 correctly identified as hate speech and 4990 who are incorrectly flagged.,4.0,2.0,383.0,75.0,31.0,35.0,11.0,541.0,,2025-12-01 14:00:36,,1.0,0.0,7.0,7.0,4.0,0.0,1.71
84.0,,,base,interview,2025-12-01 13:51:42,-2.0,30 times,-2.0,30.0,1.0,,-9.0,,1.0,2.0,1.0,4.0,1.0,1.0,,2.0,46.0,4.0,USA,8.0,,1.0,5.0,,8.0,N/A,-2.0,5 out of 105. I calculated by adding the 5 positives and the 100 false positives.,-2.0,"8 out of 1007, I added the incorrectly flaged and the 10 which actually have CSAM minus 2",-2.0,"9 out of 359. I added 350 false positives and the 10 true positives to get 360, but 10 true positives are real minus one.",-2.0,80 out of 1040. I calculated y adding 990 incorrectly flagged plus 80 correctly flagged minus 30 who were not flagged,-2.0,160 out of 5150. I calculated by adding true flagged plus false flagged,18.0,598.0,1752.0,248.0,122.0,63.0,10.0,957.0,,2025-12-01 14:38:33,,1.0,0.0,7.0,7.0,8.0,3.0,0.47
85.0,,,base,interview,2025-12-01 13:52:02,1.0,,-2.0,20 (assuming 50% population is men),1.0,,-9.0,,1.0,2.0,1.0,4.0,1.0,1.0,comprehension of basic statistics,2.0,28.0,4.0,uk,7.0,,1.0,4.0,,5.0,no ,-2.0,5 out of 105. the number of true positives out of the sum of the true positives and the false positives,-2.0,"8 out of 1007; i calculated the sum of true positives and the false positives, then the number of true positives",-2.0,9 out of 359; the number of true positives over the sum of true positives and false positives,-2.0,80 out of 1070; the number of true positives over the sum of false and true positives,-2.0,160 out of 5150; the number of true positives over the sum of true and false positives,3.0,301.0,426.0,119.0,38.0,29.0,10.0,926.0,,2025-12-01 14:07:28,,1.0,0.0,7.0,7.0,4.0,0.0,1.28
86.0,,,base,interview,2025-12-01 13:52:03,,,,,,,,,1.0,2.0,,,,,,,,,,,,,,,,,,,,,,,,,,,3.0,,,,,,,3.0,,2025-12-01 13:52:06,,0.0,0.0,1.0,1.0,0.0,0.0,3.0
87.0,,,base,interview,2025-12-01 13:52:06,,,,,,,,,2.0,2.0,,,,,,,,,,,,,,,,,,,,,,,,,,,5.0,7.0,,,,,,12.0,,2025-12-01 13:52:18,,0.0,0.0,2.0,2.0,0.0,0.0,2.5
88.0,,,base,interview,2025-12-01 13:52:08,1.0,,-2.0,40.0,-2.0,23.0,-9.0,,1.0,2.0,1.0,4.0,1.0,1.0,,1.0,44.0,4.0,England,8.0,,1.0,4.0,,4.0,NA,-2.0,105 out of 1000. I calculated this by adding the number of positives together,-2.0,1009 out of 1000 contained CSAM I calculated this by adding the the number of containing CSAM and those which were incorrectly flagged by the system,-2.0,360 out of 7000. I calculated this by adding those carrying a fetus with Down syndrome with those who tested positive,-2.0,1070 out of 10000. I calculated by those flagged as having violations with those incorrectly flagged as not having violations,-2.0,5150 out of 100000. I calculated this by adding those flagged by the system with those incorrectly flagged by the system,6.0,5.0,668.0,372.0,47.0,28.0,8.0,869.0,,2025-12-01 14:11:02,,1.0,0.0,7.0,7.0,8.0,3.0,1.33
89.0,,,base,interview,2025-12-01 13:52:17,,,,,,,,,2.0,2.0,,,,,,,,,,,,,,,,,,,,,,,,,,,4.0,16.0,,,,,,20.0,,2025-12-01 13:52:37,,0.0,0.0,2.0,2.0,0.0,0.0,2.75
90.0,,,base,interview,2025-12-01 13:52:45,1.0,,1.0,,1.0,,-9.0,,1.0,2.0,1.0,4.0,1.0,1.0,Capability to learn something analytical? However in my case i'm familiar with all this.,2.0,45.0,4.0,UK,7.0,,2.0,8.0,Data Scientist / Quant Researcher,1.0,Good study,-2.0,answer: 5 out of 100.  True Positives / ( True Positves + False Positives) i.e. 100 / (5 + 100),-2.0,8 out of 1007. flagged messegaes / total flagged messeges i.e. 8 / (8 + 999),-2.0,9 out of 359. true positive / total positives i.e 9 / (350 + 9),-2.0,"80 out of 1070, Tue positives  /  total flagged essays i.e 80 / (990 + 80)",-2.0,"160 out of 5150, true positives / total flagged as positives, i.e. 160 / 160 + 4990",5.0,236.0,699.0,293.0,64.0,76.0,17.0,1390.0,,2025-12-01 14:15:55,,1.0,0.0,7.0,7.0,4.0,0.0,0.75
91.0,,,base,interview,2025-12-01 13:52:47,,,,,,,,,1.0,2.0,,,,,,,,,,,,,,,,,,,,,,,,,,,43.0,160.0,,,,,,203.0,,2025-12-01 13:56:10,,0.0,0.0,2.0,2.0,0.0,0.0,0.33
92.0,,,base,interview,2025-12-01 13:52:59,,,,,,,,,1.0,2.0,,,,,,,,,,,,,,,,,,,,,,,,,,,6.0,58.0,,,,,,64.0,,2025-12-01 13:54:03,,0.0,0.0,2.0,2.0,0.0,0.0,1.42
93.0,,,base,interview,2025-12-01 13:53:23,,,,,,,,,1.0,2.0,,,,,,,,,,,,,,,,,,,,,,,,,,,16.0,169.0,,,,,,185.0,,2025-12-01 13:56:28,,0.0,0.0,2.0,2.0,0.0,0.0,0.51
94.0,,,base,interview,2025-12-01 13:53:45,,,,,,,,,1.0,2.0,,,,,,,,,,,,,,,,,,,,,,,,,,,7.0,172.0,,,,,,179.0,,2025-12-01 13:56:44,,0.0,0.0,2.0,2.0,0.0,0.0,0.91
95.0,,,base,interview,2025-12-01 13:53:55,,,,,,,,,1.0,2.0,,,,,,,,,,,,,,,,,,,,,,,,,,,35.0,279.0,,,,,,314.0,,2025-12-01 13:59:09,,0.0,0.0,2.0,2.0,0.0,0.0,0.26
96.0,,,base,interview,2025-12-01 13:53:56,,,,,,,,,2.0,2.0,,,,,,,,,,,,,,,,,-9.0,,-9.0,,-9.0,,-9.0,,-9.0,,2.0,47.0,6.0,,,,,55.0,,2025-12-01 13:54:51,,0.0,0.0,3.0,3.0,83.0,82.0,2.48
97.0,,,base,interview,2025-12-01 13:54:05,,,,,,,,,1.0,2.0,,,,,,,,,,,,,,,,,,,,,,,,,,,5.0,13.0,,,,,,18.0,,2025-12-01 13:54:23,,0.0,0.0,2.0,2.0,0.0,0.0,2.5
98.0,,,base,interview,2025-12-01 13:54:06,,,,,,,,,1.0,2.0,,,,,,,,,,,,,,,,,,,,,,,,,,,83.0,373.0,,,,,,383.0,,2025-12-01 14:01:42,,0.0,0.0,2.0,2.0,0.0,0.0,0.15
99.0,,,base,interview,2025-12-01 13:54:20,,,,,,,,,2.0,2.0,,,,,,,,,,,,,,,,,,,,,,,,,,,9.0,1.0,,,,,,10.0,,2025-12-01 13:54:30,,0.0,0.0,2.0,2.0,0.0,0.0,2.06
100.0,,,base,interview,2025-12-01 13:54:32,,,,,,,,,1.0,2.0,,,,,,,,,,,,,,,,,,,,,,,,,,,24.0,86.0,,,,,,110.0,,2025-12-01 13:56:22,,0.0,0.0,2.0,2.0,0.0,0.0,0.6
101.0,,,base,interview,2025-12-01 13:55:12,,,,,,,,,1.0,2.0,,,,,,,,,,,,,,,,,,,,,,,,,,,22.0,657.0,,,,,,90.0,,2025-12-01 14:06:31,,0.0,0.0,2.0,2.0,0.0,0.0,0.28
102.0,,,base,interview,2025-12-01 13:55:15,,,,,,,,,2.0,2.0,,,,,,,,,,,,,,,,,,,,,,,,,,,21.0,985.0,,,,,,89.0,,2025-12-01 14:12:01,,0.0,0.0,2.0,2.0,0.0,0.0,0.27
103.0,,,base,interview,2025-12-01 13:55:37,,,,,,,,,2.0,2.0,,,,,,,,,,,,,,,,,,,,,,,,,,,45.0,34.0,,,,,,79.0,,2025-12-01 13:56:56,,0.0,0.0,2.0,2.0,0.0,0.0,1.11
104.0,,,base,interview,2025-12-01 13:56:40,2.0,,1.0,,1.0,,-9.0,,1.0,2.0,1.0,3.0,1.0,1.0,I'm wondering if maybe it has something to do with checking peoples biases?,2.0,28.0,4.0,United Kingdom,7.0,,1.0,3.0,,4.0,"Interesting, ",-2.0,5 out of 105 I calculated by adding together real breast cancers with total positives,-2.0,2 out of 10 - calculated by taking amount detected by AI system away from total,-2.0,9 of 359 - I calculated by taking the number of true positives out of the number of total positives,-2.0,80 out of 1070 I calculated by taking total true positives out of the total positives number,-2.0,160 out of 5150 I calculated by taking total true violations away from the total number flagged,7.0,3.0,370.0,75.0,38.0,39.0,12.0,544.0,,2025-12-01 14:05:44,,1.0,0.0,7.0,7.0,4.0,0.0,1.48
105.0,,,base,interview,2025-12-01 13:56:41,,,,,,,,,2.0,2.0,,,,,,,,,,,,,,,,,,,,,,,,,,,8.0,5.0,,,,,,13.0,,2025-12-01 13:56:54,,0.0,0.0,2.0,2.0,0.0,0.0,2.13
106.0,,,base,interview,2025-12-01 13:57:04,,,,,,,,,1.0,2.0,,,,,,,,,,,,,,,,,,,,,,,,,,,20.0,,,,,,,20.0,,2025-12-01 13:57:24,,0.0,0.0,1.0,1.0,0.0,0.0,0.5
107.0,,,base,interview,2025-12-01 13:57:15,,,,,,,,,2.0,2.0,,,,,,,,,,,,,,,,,,,,,,,,,,,4.0,133.0,2035.0,,,,,565.0,,2025-12-01 13:59:32,,0.0,0.0,2.0,3.0,0.0,0.0,1.07
108.0,,,base,interview,2025-12-01 13:57:21,1.0,,1.0,,1.0,,-9.0,,1.0,2.0,1.0,3.0,1.0,1.0,,1.0,33.0,4.0,UK,8.0,,5.0,6.0,,5.0,The survey ran smoothly and all of the information was clear and understandable. ,-2.0,5 out of 105. I calculated this by adding together the true positives and false positives ( 5 + 100) and identifying how many do have truely have breast cancer.  (5),-2.0,"8 out of 10007. I calculated this by adding together the true detections (8) and the incorrectly flagged (999), then identifying how many were true detections (8)",-2.0,"9 out of 359. I calculated this by adding the true positives detected (9) with the false positives (350), then identified how many were true positives (9).",-2.0,"80 out of 1070. I calculated this by adding together the true violations (80) and the incorrectly flagged (990), then identified how many were true violations (80)",-2.0,"160 out of 5150. I calculated this by adding together the true violations (160) and the incorrectly flagged (4990), then identified how many were true violations.",8.0,204.0,488.0,128.0,84.0,25.0,12.0,949.0,,2025-12-01 14:13:10,,1.0,0.0,7.0,7.0,8.0,3.0,0.89
109.0,,,base,interview,2025-12-01 13:57:23,,,,,,,,,2.0,2.0,,,,,,,,,,,,,,,,,,,,,,,,,,,4.0,64.0,,,,,,68.0,,2025-12-01 13:58:31,,0.0,0.0,2.0,2.0,0.0,0.0,1.78
110.0,,,base,interview,2025-12-01 13:57:27,,,,,,,,,2.0,2.0,,,,,,,,,,,,,,,,,,,,,,,,,,,26.0,672.0,,,,,,94.0,,2025-12-01 14:09:05,,0.0,0.0,2.0,2.0,0.0,0.0,0.24
111.0,,,base,interview,2025-12-01 13:57:31,,,,,,,,,1.0,2.0,,,,,,,,,,,,,,,,,,,,,,,,,,,4.0,121.0,,,,,,125.0,,2025-12-01 13:59:36,,0.0,0.0,2.0,2.0,0.0,0.0,1.53
112.0,,,base,interview,2025-12-01 13:57:47,,,,,,,,,2.0,2.0,,,,,,,,,,,,,,,,,,,,,,,,,,,10.0,814.0,,,,,,78.0,,2025-12-01 14:11:31,,0.0,0.0,2.0,2.0,0.0,0.0,0.54
113.0,,,base,interview,2025-12-01 13:58:23,,,,,,,,,1.0,2.0,,,,,,,,,,,,,,,,,-9.0,,-9.0,,-9.0,,-9.0,,-9.0,,12.0,79.0,92.0,,,,,183.0,,2025-12-01 14:01:26,,0.0,0.0,3.0,3.0,83.0,82.0,1.56
114.0,,,base,interview,2025-12-01 13:59:40,,,,,,,,,2.0,2.0,,,,,,,,,,,,,,,,,,,,,,,,,,,379.0,272.0,,,,,,282.0,,2025-12-01 14:10:31,,0.0,0.0,2.0,2.0,0.0,0.0,0.14
115.0,,,base,interview,2025-12-01 13:59:42,,,,,,,,,2.0,2.0,,,,,,,,,,,,,,,,,,,,,,,,,,,7.0,6.0,,,,,,13.0,,2025-12-01 13:59:55,,0.0,0.0,2.0,2.0,0.0,0.0,2.21
116.0,,,base,interview,2025-12-01 14:00:04,,,,,,,,,1.0,2.0,,,,,,,,,,,,,,,,,,,,,,,,,,,14.0,,,,,,,14.0,,2025-12-01 14:00:18,,0.0,0.0,1.0,1.0,0.0,0.0,0.71
117.0,,,base,interview,2025-12-01 14:00:46,5.0,,1.0,,4.0,,-9.0,,2.0,2.0,1.0,4.0,1.0,1.0,How people respond to any situation ,1.0,34.0,4.0,United kingdom,10.0,Master degree,2.0,7.0,,7.0,No,-2.0,105 out of 1000 were true positive I calculated this as first there was 5 and then 100 out of 995 then the total is 100plus 5 equal 105,-2.0,10 out of 10000 are actually contain CSAM as I calculated this as AI detect 8 only and it is not true and others are incorrectly flagged,-2.0,359 out of 7000 were true positive I calculated this as 9 who were alredy positive plus 350,-2.0,100 out of 10000 were actually violationsI calculaued this as you say 100 essays contained AIgenerated content,-2.0,200 out of 10000 contains hate speech I calculated this as u said only 200 contains violated hate speech,30.0,46.0,1498.0,46.0,73.0,39.0,15.0,677.0,,2025-12-01 14:29:53,,1.0,0.0,7.0,7.0,4.0,0.0,0.97
118.0,,,base,interview,2025-12-01 14:01:13,,,,,,,,,1.0,2.0,,,,,,,,,,,,,,,,,-9.0,,-9.0,,-9.0,,-9.0,,-9.0,,415.0,77.0,98.0,,,,,185.0,,2025-12-01 14:11:03,,0.0,0.0,3.0,3.0,83.0,82.0,1.3
119.0,,,base,interview,2025-12-01 14:01:40,,,,,,,,,1.0,2.0,,,,,,,,,,,,,,,,,,,,,,,,,,,6.0,64.0,,,,,,70.0,,2025-12-01 14:02:51,,0.0,0.0,2.0,2.0,0.0,0.0,1.36
120.0,,,base,interview,2025-12-01 14:01:58,1.0,,1.0,,1.0,,-9.0,,1.0,2.0,1.0,1.0,1.0,1.0,if i told my calculations in the second part of the study like i was told to in the first?,1.0,26.0,4.0,uk,8.0,,1.0,4.0,,7.0,no,-2.0,5 out of 1000. it told me how many are actually positive.,-2.0,10 out of 10000. it told me how many and ignored ai results.,-2.0,10 out of 7000. it told me how many.,-2.0,80 out of 10000. i discluded the false positives weeded out by ai.,-2.0,200 out of 100000. it told me how many,2.0,20.0,242.0,117.0,56.0,67.0,9.0,513.0,,2025-12-01 14:10:31,,1.0,0.0,7.0,7.0,4.0,0.0,1.62
121.0,,,base,interview,2025-12-01 14:02:41,1.0,,1.0,,1.0,,-9.0,,1.0,2.0,1.0,4.0,1.0,1.0,I would say that was about mental reasoning and it's speed related to decision making,2.0,50.0,4.0,England ,7.0,,1.0,4.0,,8.0,Very engaging and thought provoking that required strong attention and mental exercise ,-2.0,5 out of 105,-2.0,8 out 1007,-2.0,9 out 359,-2.0,80 out 1070,-2.0,160 out 5150,14.0,61.0,220.0,391.0,88.0,112.0,15.0,541.0,,2025-12-01 14:17:43,,1.0,0.0,7.0,7.0,4.0,0.0,0.81
122.0,,,base,interview,2025-12-01 14:03:19,,,,,,,,,2.0,2.0,,,,,,,,,,,,,,,,,,,,,,,,,,,8.0,5.0,,,,,,13.0,,2025-12-01 14:03:32,,0.0,0.0,2.0,2.0,0.0,0.0,2.13
123.0,,,base,interview,2025-12-01 14:04:05,,,,,,,,,1.0,2.0,,,,,,,,,,,,,,,,,-9.0,,-9.0,,-9.0,,-9.0,,-9.0,,6.0,102.0,96.0,,,,,204.0,,2025-12-01 14:07:30,,0.0,0.0,3.0,3.0,83.0,82.0,1.78
124.0,,,base,interview,2025-12-01 14:04:31,,,,,,,,,2.0,2.0,,,,,,,,,,,,,,,,,,,,,,,,,,,72.0,889.0,,,,,,78.0,,2025-12-01 14:20:32,,0.0,0.0,2.0,2.0,0.0,0.0,0.11
125.0,,,base,interview,2025-12-01 14:04:36,1.0,,1.0,,1.0,,-9.0,,1.0,2.0,1.0,4.0,1.0,1.0,no,1.0,35.0,4.0,United Kingdom,8.0,,1.0,4.0,,8.0,no,-2.0,5 out of 105,-2.0,8 out of 1007,-2.0,9 out of 359,-2.0,80 out of 1070,-2.0,160 out of 5150,5.0,18.0,149.0,19.0,977.0,12.0,2.0,273.0,,2025-12-01 14:24:18,,1.0,0.0,7.0,7.0,4.0,0.0,2.42
126.0,,,base,interview,2025-12-01 14:05:56,-2.0,50.0,2.0,,3.0,,-9.0,,2.0,2.0,1.0,2.0,1.0,1.0,My guess is that it has something to do with flat numbers as statistics (as opposed to method) and how everyday people interpret those numbers.,1.0,50.0,4.0,United States of America,7.0,,1.0,6.0,,4.0,"I know that I really need to brush up on my statistics lessons. I'm very rusty. I had to venture guesses on the '30 out of 100' style of questions instead of relying on anything solidly scientific. So, that felt very unpleasant for me.",-2.0,10 out of 1000. I calculated this by assuming the true positives are correct and that 5 of the false positives are probably correct.,-2.0,"10 out of 10,000. I calculated this by assuming that AI correctly flagged 8 images and 2 additional images were deemed CSAM out of carefully scrutinizing the 999 that were incorrectly flagged.",-2.0,10 out of 7000. I calculated this by assuming that the markers correctly indicated 9 positives and that at least one more positive will be identified from the 350 that initially tested false positive.,-2.0,"100 out of 10,000. I calculated this by assuming that the 80 flagged essays actually violate integrity while an additional 20 end up also violating integrity rules when scrutinized by human detectors.",-2.0,"150 out of 100,000. I calculated this by assuming that only 150 of the 160 posts flagged by the automated moderation system actually meet the guidelines for hate speech.",55.0,66.0,679.0,110.0,145.0,88.0,14.0,1157.0,,2025-12-01 14:25:13,,1.0,0.0,7.0,7.0,4.0,0.0,0.61
127.0,,,base,interview,2025-12-01 14:07:46,,,,,,,,,1.0,2.0,,,,,,,,,,,,,,,,,,,,,,,,,,,131.0,91.0,,,,,,101.0,,2025-12-01 14:11:28,,0.0,0.0,2.0,2.0,0.0,0.0,0.41
128.0,,,base,interview,2025-12-01 14:08:06,1.0,,-2.0,40.0,-2.0,35.0,-9.0,,2.0,2.0,1.0,2.0,1.0,1.0,,1.0,46.0,4.0,UK,8.0,,1.0,4.0,,10.0,No,-2.0,5 out of 1000. I calculated this by the 5 that had cancer and tested positive. The other 100 were assumingly false positives,-2.0,"8 out of 10000. I calculated this as 10 has CSAM material, and 8 were flagged",-2.0,10 out of 7000. 10 are confirmed to be carrying.  Others tested positive but falsely,-2.0,"80 out of 10,000. 80 flagged by system. Other 990 incorrectly flagged",-2.0,160 out of 100000. 160 were. The other 4990 incorrectly flagged,20.0,24.0,610.0,127.0,49.0,25.0,8.0,863.0,,2025-12-01 14:22:29,,1.0,0.0,7.0,7.0,8.0,3.0,1.24
129.0,,,base,interview,2025-12-01 14:09:31,,,,,,,,,1.0,2.0,,,,,,,,,,,,,,,,,,,,,,,,,,,17.0,65.0,,,,,,82.0,,2025-12-01 14:10:53,,0.0,0.0,2.0,2.0,0.0,0.0,0.82
130.0,,,base,interview,2025-12-01 14:09:36,,,,,,,,,1.0,2.0,,,,,,,,,,,,,,,,,,,,,,,,,,,15.0,141.0,,,,,,156.0,,2025-12-01 14:12:12,,0.0,0.0,2.0,2.0,0.0,0.0,0.57
131.0,,,base,interview,2025-12-01 14:09:45,1.0,,1.0,,1.0,,-9.0,,2.0,2.0,1.0,4.0,1.0,1.0,It seemed focused on how people judge probabilities in different screening situations.,2.0,42.0,4.0,United Kingdom,8.0,,1.0,4.0,,11.0,"A few parts ran a bit long, so I had to slow down to take everything in. The scenarios were clear, though the descriptions in some sections felt a little dense. I didn’t run into anything that felt awkward to answer. Shorter blocks of text might make the flow easier.",-2.0,"5 out of 105. I added the 5 true positives and the 100 false positives to get 105 total positives, then noted that 5 of those are true positives.",-2.0,"8 out of 1007. I added the 8 true detections and the 999 false flags to get 1007 total flagged messages, then counted the 8 true detections.",-2.0,"9 out of 359. I added the 9 true positives and the 350 false positives to get 359 total positives, then used the 9 true positives.",-2.0,"80 out of 1070. I added the 80 true violations and the 990 false flags to get 1070 flagged essays, then used the 80 true violations.",-2.0,"160 out of 5150. I added the 160 true violations and the 4990 false flags to get 5150 flagged posts, then counted the 160 true violations.",1147.0,24.0,160.0,23.0,151.0,56.0,16.0,440.0,,2025-12-01 14:36:02,,1.0,0.0,7.0,7.0,4.0,0.0,1.44
132.0,,,base,interview,2025-12-01 14:10:38,,,,,,,,,2.0,2.0,,,,,,,,,,,,,,,,,,,,,,,,,,,10.0,6.0,,,,,,16.0,,2025-12-01 14:10:54,,0.0,0.0,2.0,2.0,0.0,0.0,2.0
133.0,,,base,interview,2025-12-01 14:11:19,,,,,,,,,2.0,2.0,,,,,,,,,,,,,,,,,,,,,,,,,,,5.0,83.0,,,,,,88.0,,2025-12-01 14:12:47,,0.0,0.0,2.0,2.0,0.0,0.0,1.41
134.0,,,base,interview,2025-12-01 14:12:48,1.0,,1.0,,1.0,,-9.0,,2.0,2.0,1.0,3.0,1.0,1.0,,1.0,66.0,4.0,USA,7.0,,3.0,7.0,,10.0,Everything was clear,-2.0,"Out of 1000 about 100 - about 10% will test positive, so I think 100",-2.0,Out of 10000 Approx. 10% are wrong so 1000,-2.0,"out of 7000 abou 19.4%, so 1358 then 19.4% is 263",-2.0,"out of 10,000 about 1600   8,000 then again by 80% leaves 6400.  8,000-6400=1600",-2.0,"out of 100,000 about 1250  This is 1.25%",13.0,292.0,722.0,260.0,49.0,29.0,5.0,1370.0,,2025-12-01 14:35:38,,1.0,0.0,7.0,7.0,8.0,3.0,0.89
135.0,,,base,interview,2025-12-01 14:13:13,,,,,,,,,2.0,2.0,,,,,,,,,,,,,,,,,,,,,,,,,,,4.0,235.0,,,,,,239.0,,2025-12-01 14:17:12,,0.0,0.0,2.0,2.0,0.0,0.0,1.39
136.0,,,base,interview,2025-12-01 14:15:21,-2.0,3.0,1.0,,1.0,,-9.0,,2.0,2.0,1.0,4.0,1.0,1.0,"Based on the questions, my guess is that the investigation was about understanding how people interpret and respond to probability, risk, and screening scenarios,",2.0,33.0,4.0,UK,7.0,,1.0,4.0,,10.0,"I found the questionnaire generally clear and well-structured. Most questions were straightforward, and the examples provided helped in understanding how to answer.",-2.0,50.0,-2.0,50.0,-2.0,80.0,-2.0,80.0,-2.0,100.0,141.0,86.0,364.0,91.0,154.0,227.0,24.0,765.0,,2025-12-01 14:33:28,,1.0,0.0,7.0,7.0,4.0,0.0,0.59
137.0,,,base,interview,2025-12-01 14:16:51,1.0,,-2.0,40.0,1.0,,-9.0,,2.0,2.0,1.0,2.0,1.0,1.0,,2.0,53.0,4.0,USA,4.0,,1.0,4.0,,9.0,NOTHING TO NOTE HERE,-2.0,5 out of 105 I added the real and false positives and then found the actual real positives,-2.0,8 out of 1009  I added the true detections and the incorrectly flagged to get the total and then get the actual true detected ones,-2.0,9 out of 359  I added the real and false positives to get the total and found the real posititves,-2.0,80 out of 1070 I added the real and false flagged violations and then found the real ones,-2.0,160 out of 5150 I added the actual and false flagged to get a total and then found the actual flagged,7.0,231.0,412.0,75.0,40.0,20.0,22.0,807.0,,2025-12-01 14:30:18,,1.0,0.0,7.0,7.0,8.0,3.0,1.15
138.0,,,base,interview,2025-12-01 14:16:57,3.0,,-2.0,60.0,-2.0,32.0,-9.0,,1.0,2.0,1.0,4.0,1.0,1.0,,1.0,31.0,4.0,england,4.0,,1.0,4.0,,10.0,n/a,-2.0,out of 1000 5 actually have breast cancer,-2.0,out of 10000 10 were actually trur detections,-2.0,our of 7000 10 are actually carrying a fetus with down syndrome,-2.0,out of 100 essays 80 actually have violations,-2.0,"out of 1000,000 posts 200 posts contain hate speech",49.0,155.0,292.0,88.0,59.0,31.0,5.0,679.0,,2025-12-01 14:28:16,,1.0,0.0,7.0,7.0,8.0,3.0,1.03
139.0,,,base,interview,2025-12-01 14:17:41,1.0,,1.0,,1.0,,-9.0,,1.0,2.0,1.0,4.0,1.0,1.0,how people interpret screening data.,1.0,43.0,4.0,uk,8.0,,1.0,6.0,,6.0,it was easy to understand.,-2.0,5 out of 105. Calculated by adding positive tests with and without breast cancer.,-2.0,"8 out of 1007. added together the false positive and the flagged positives, and discounted the positives that wernt flagged.",-2.0,9 out of 359. added together the positive cases which were flagged and the false positives.,-2.0,80 out of 1070. Calculated by finding the number of violations detected and then adding to the false positives.,-2.0,160 out of 5150. Found by adding the number of true positives that were flagged and adding to the false positives.,9.0,280.0,474.0,107.0,51.0,35.0,15.0,971.0,,2025-12-01 14:33:52,,1.0,0.0,7.0,7.0,4.0,0.0,0.88
140.0,,,base,interview,2025-12-01 14:18:32,-9.0,,-9.0,,-9.0,,,,1.0,2.0,,,,,,,,,,,,,,,,,-2.0,"5 out of 105.  I calculated this by adding the true positives, and the false positives.",-2.0,"8 out of 1007. I calculated this by adding the true 8 CSAM mesaage detected, and the false flags.",-2.0,9 out of 359. I calculated this by addng the 9 pregnancies with down syndrome that test postive and the false positive without down syndrome.,-2.0,"80 of 1070. I calculated by adding 80 essays with violation flagged, and the false flag.",-2.0,"160 of 5150. I calculated by adding the  true positive, and the false positives.",60.0,121.0,656.0,27.0,,,,814.0,,2025-12-01 14:32:56,,0.0,0.0,4.0,4.0,33.0,34.0,1.1
141.0,,,base,interview,2025-12-01 14:18:46,,,,,,,,,1.0,2.0,,,,,,,,,,,,,,,,,,,,,,,,,,,8.0,5985.0,,,,,,76.0,,2025-12-01 14:18:54,,0.0,0.0,1.0,2.0,0.0,0.0,0.63
142.0,,,base,interview,2025-12-01 14:19:37,,,,,,,,,2.0,2.0,,,,,,,,,,,,,,,,,,,,,,,,,,,17.0,166.0,,,,,,183.0,,2025-12-01 14:22:40,,0.0,0.0,2.0,2.0,0.0,0.0,0.5
143.0,,,base,interview,2025-12-01 14:19:37,,,,,,,,,2.0,2.0,,,,,,,,,,,,,,,,,,,,,,,,,,,9.0,64.0,,,,,,73.0,,2025-12-01 14:20:50,,0.0,0.0,2.0,2.0,0.0,0.0,1.09
144.0,,,base,interview,2025-12-01 14:22:30,,,,,,,,,1.0,2.0,,,,,,,,,,,,,,,,,,,,,,,,,,,41.0,265.0,,,,,,306.0,,2025-12-01 14:27:36,,0.0,0.0,2.0,2.0,0.0,0.0,0.25
145.0,,,base,interview,2025-12-01 14:22:47,,,,,,,,,1.0,2.0,,,,,,,,,,,,,,,,,,,,,,,,,,,26.0,49.0,,,,,,75.0,,2025-12-01 14:24:02,,0.0,0.0,2.0,2.0,0.0,0.0,0.89
146.0,,,base,interview,2025-12-01 14:23:32,2.0,,1.0,,1.0,,-9.0,,2.0,2.0,1.0,3.0,1.0,1.0,,2.0,50.0,4.0,United States,4.0,,2.0,7.0,,4.0,Everything worked great. It was an interesting study! Thank you and good luck!,-2.0,5 out of 105. I added the woman who tested potitive and have cancer to the woman who tested positive and do not have caner.,-2.0,8 out of 1007. I added the true detections to the false flags.,-2.0,9 out of 359. I added the true positives and the false positives.,-2.0,80 out of 1070. I added the correctly flagged essays with the flagged wrongly essays,-2.0,160 out of 5150. I added the correclty flagged with the posts that were flagged but do not have hate speech.,6.0,905.0,798.0,144.0,67.0,61.0,4.0,1148.0,,2025-12-01 14:56:37,,1.0,0.0,7.0,7.0,8.0,3.0,0.95
147.0,,,base,interview,2025-12-01 14:28:50,1.0,,-2.0,10.0,2.0,,-9.0,,1.0,2.0,1.0,3.0,1.0,1.0,cognitive testing,2.0,66.0,4.0,United States,8.0,,3.0,8.0,retired,8.0,all was properly explained,-2.0,"5 out of 100, each of the 5 women with breast cancer tested positive, so out of the 100 testing positive 5 will have breast cancer",-2.0,"8 out of 1007, out of the 10 CSAM 8 are detected, 999 messages are incorrectly flagged & 8 are correctly flagged total flagged 1007,",-2.0,"9 out of 350, 9 will test positive but 10 will have Down Syndrome, 350 women test positive,",-2.0,"80 out of 990, 80 are flagged, 990 incorrectly flagged essays, 80 essays flagged, 9900 without & 100 with violations, 80% of violations flagged",-2.0,"160 out of 515, 160 posts of 200 violations flagged, 4990 incorrectly flagged, 160 flagged violations, 4990+160=5150 total flagged",9.0,457.0,1611.0,585.0,87.0,35.0,15.0,1138.0,,2025-12-01 15:15:29,,1.0,0.0,7.0,7.0,4.0,0.0,0.58
148.0,,,base,interview,2025-12-01 14:29:43,1.0,,1.0,,3.0,,-9.0,,1.0,2.0,1.0,2.0,1.0,1.0,screening programmes. ratios and predicatblilty ,1.0,26.0,4.0,UK,8.0,,1.0,4.0,,8.0,You couldnt put a seperate line on the probablity and then giving the reason why ,-2.0,5 out of 105. I calculated this by adding the 5 true positives and the 100 false positives,-2.0,8 out of 1007 I calculated this by adding the 8 true positives and the 999 false positives,-2.0,9 out of 359. I calculated this by adding the 9 true positives and the 350 false positives,-2.0,80 out of 1070. I calculated this by adding the 80 true violations and the 990 false positives,-2.0,160 out of 5150. I calculated this by adding the 160 true violations and the 4990 false positive,3.0,62.0,205.0,85.0,393.0,175.0,3.0,462.0,,2025-12-01 14:45:09,,1.0,0.0,7.0,7.0,4.0,0.0,1.5
149.0,,,base,interview,2025-12-01 14:29:57,1.0,,1.0,,1.0,,-9.0,,1.0,2.0,1.0,4.0,1.0,1.0,perception on probability sampling,1.0,47.0,4.0,USA,8.0,,1.0,4.0,,8.0,the questions were clear and the study was good,-2.0,"5 out of 105 I calculated this by adding true positives (5) and false positives (100) to get total positives (105), then noting 5 of those actually have cancer.",-2.0,"8 out of 1007 I calculated this by adding true detections (8) and false flags (999) to get total flagged (1007), then noting 8 of those actually contain CSAM.",-2.0,"9 out of 359 I calculated this by adding true positives (9) and false positives (350) to get total positives (359), then noting 9 of those actually have Down syndrome.",-2.0,"80 out of 1070 I calculated this by adding true violations (80) and false flags (990) to get total flagged (1070), then noting 80 of those actually contain violations.",-2.0,"160 out of 5150 I calculated this by adding true positives (160) and false positives (4,990) to get total flagged (5,150), then noting 160 of those actually contain hate speech.",8.0,106.0,350.0,115.0,83.0,45.0,6.0,713.0,,2025-12-01 14:41:50,,1.0,0.0,7.0,7.0,4.0,0.0,1.0
150.0,,,base,interview,2025-12-01 14:31:32,1.0,,1.0,,1.0,,-9.0,,2.0,2.0,1.0,3.0,1.0,1.0,,2.0,31.0,4.0,United States,8.0,,1.0,4.0,,8.0,None of the questions were unclear or unpleasant to answer in any way.,-2.0,"5 out of 105  I added the true positive results (5) and the false positive results (100) to get all the positive results (105), and 5 of those actually had breast cancer.",-2.0,"8 out of 1,007 I added the detected CSAM messages (8) and the incorrectly flagged innocent messages (999) to get the total flagged messages (1,007), and 8 of these actually contained CSAM.",-2.0,"9 out of 359 I added the positive tests for Down syndrome (9) and the false positive tests (350) to get the total positive results (359), and 9 of these were carrying a fetus with Down syndrome.",-2.0,"80 out of 1,070 I added the flagged violation essays (80) and the incorrectly flagged non-violation essays (990) to get the total flagged essays (1,070), and 80 of these actually had violations.",-2.0,"160 out of 5,150 I added the flagged hate speech posts (160) and the incorrectly flagged benign posts (4,990) to get the total flagged posts (5,150), and 160 of these actually contained hate speech.",4.0,105.0,304.0,110.0,212.0,46.0,113.0,645.0,,2025-12-01 14:46:26,,1.0,0.0,7.0,7.0,8.0,3.0,0.96
151.0,,,base,interview,2025-12-01 14:33:03,,,,,,,,,2.0,2.0,,,,,,,,,,,,,,,,,,,,,,,,,,,33.0,,,,,,,33.0,,2025-12-01 14:33:36,,0.0,0.0,1.0,1.0,0.0,0.0,0.3
152.0,,,base,interview,2025-12-01 14:33:09,,,,,,,,,2.0,2.0,,,,,,,,,,,,,,,,,,,,,,,,,,,11.0,298.0,,,,,,309.0,,2025-12-01 14:38:18,,0.0,0.0,2.0,2.0,0.0,0.0,0.57
153.0,,,base,interview,2025-12-01 14:35:26,,,,,,,,,1.0,2.0,,,,,,,,,,,,,,,,,,,,,,,,,,,44.0,49.0,,,,,,93.0,,2025-12-01 14:36:59,,0.0,0.0,2.0,2.0,0.0,0.0,0.81
154.0,,,base,interview,2025-12-01 14:37:31,,,,,,,,,2.0,2.0,,,,,,,,,,,,,,,,,,,,,,,,,,,6.0,91.0,,,,,,97.0,,2025-12-01 14:39:08,,0.0,0.0,2.0,2.0,0.0,0.0,1.21
155.0,,,base,interview,2025-12-01 14:37:52,1.0,,1.0,,1.0,,-9.0,,2.0,2.0,1.0,3.0,1.0,1.0,"I'm not sure, I presume the tool on github was a bit of a distraction and it was really about how people understood false positives and false negatives when they were being asked to calculate the ratios based only on detected incidences rather than true ones.",2.0,42.0,4.0,United Kingdom,8.0,,1.0,4.0,,7.0,It was quite a good congnitive challenge but I think it was much easier to solve the problems without the use of the rarity roulette tool.,-2.0,"5 out of 105.  I first of all tried playing with the tool on github, but then realised all I needed to do was add the true positive and false positives together.",-2.0,"8 out of 1007.  The true detections that were flagged were already stated as 8, this was added to the number that were incorrectly flagged to get the total number of flagged messages.",-2.0,"9 out of 359.  The number with a fetus with down's syndrome that tested positive was stated as 9 in the scenario, there were 350 false positives so those 9 added to that makes 359 total positive results reported.",-2.0,"80 out of 1070. The number of essays with violations that were succesfully flagged is stated at 80, and this number added to the 990 that were incorrectly flagged gives a total number of 1070 flagged essays.",-2.0,"160 out of 5150.  The total number of posts that had hate speach violations and were succesfully flagged was stated as 160, and this added to the number of incorrectly flagged posts gives a total number of flagged posts of 5150.",53.0,134.0,699.0,135.0,82.0,112.0,12.0,1151.0,,2025-12-01 14:58:19,,1.0,0.0,7.0,7.0,4.0,0.0,0.56
156.0,,,base,interview,2025-12-01 14:38:03,,,,,,,,,1.0,2.0,,,,,,,,,,,,,,,,,,,,,,,,,,,10.0,,,,,,,10.0,,2025-12-01 14:38:13,,0.0,0.0,1.0,1.0,0.0,0.0,1.0
157.0,,,base,interview,2025-12-01 14:40:06,,,,,,,,,2.0,2.0,,,,,,,,,,,,,,,,,,,,,,,,,,,10.0,,,,,,,10.0,,2025-12-01 14:40:16,,0.0,0.0,1.0,1.0,0.0,0.0,1.0
159.0,,,base,interview,2025-12-01 14:45:00,1.0,,1.0,,1.0,,-9.0,,2.0,2.0,1.0,4.0,1.0,1.0,no,2.0,37.0,4.0,UK,10.0,Masters,1.0,4.0,,8.0,no,-2.0,"5 out of 105; I calculated this by adding the true positives and false positives together, then finding how many were true positives.",-2.0,"8 out of 1007; I calculated this by adding the true positives and false positives together, then finding how many were true positives.",-2.0,"9 out of 359; I calculated this by adding the true positives and false positives together, then finding how many were true positives.",-2.0,"80 out of 1070; I calculated this by adding the true positives and false positives together, then finding how many were true positives.",-2.0,"160 out of 5150; I calculated this by adding the true positives and false positives together, then finding how many were true positives.",6.0,56.0,401.0,670.0,145.0,32.0,28.0,775.0,,2025-12-01 15:07:18,,1.0,0.0,7.0,7.0,4.0,0.0,0.86
160.0,,,base,interview,2025-12-01 14:45:00,2.0,,1.0,,1.0,,-9.0,,2.0,2.0,1.0,3.0,1.0,1.0,To see if I can ignore irrelevant data to find the data (percentage) that matters.,2.0,59.0,4.0,United States,8.0,,1.0,6.0,,8.0,"While I understand the tool on rarity roulette, I got lost in adjusting the numbers and mostly spent my time reading the explanations to give me a better understanding of how math lies behind a doctor's prognosis, etc. What I didn't see you focus on is the number likelihood that a diagnosis is false, as so many of the questions revealed, showing a higher concern for getting a few cases right while also worrying people to death that their positive results are actually negative. I suspect this is the real challenge of looking at data since life is so complex. ",-2.0,"5 out of 105. I calculated this by adding the positives who tested positive (5) and the negatives who tested positive (100), then calculating that only 5 of this total actually have breast cancer.",-2.0,8 out of 10 that were flagged actualy contain CSAM. I didn't have to do any math since this is the number stated in the explanation.,-2.0,9 out of 359. I calculated this by adding up those who test positive and do have Down syndrome (9) as well as those who test positive but do not carry a fetus with Down syndrome (350).,-2.0,"80 out of 1,070. I calculated this by adding the number of essays with violations that are flagged (80) and the essays without violations that are flagged (990).",-2.0,"160 out of 5,150. I calculated this by adding the posts flagged which do contain hate speech (160) with the posts which do not have hate speech but are flagged (4,990).",14.0,810.0,732.0,258.0,283.0,53.0,18.0,1211.0,,2025-12-01 15:21:08,,1.0,0.0,7.0,7.0,4.0,0.0,0.45
161.0,,,base,interview,2025-12-01 14:46:44,1.0,,1.0,,1.0,,-9.0,,2.0,2.0,1.0,3.0,1.0,1.0,i think it was investigating how good at maths we are,1.0,21.0,4.0,UK,3.0,,2.0,7.0,,3.0,no comment,-2.0,5 out of 105 as 5 with breast cancer who test positive  plus the 100 out of 995 without cancer who also test posisitve is 105,-2.0,8 out of 1007 because 999incorrectly  flagged messages plus 8 correctly flagged by the ai is 1007,-2.0,9 out of 359 because 9 who have down syndrome and test positive plus the 350 incorrect possitive tests is 359,-2.0,"80 out of 1070 because, the 80 correctly flagged plus the 990 incorrectly flagged is 1070",-2.0,160 out of 5150 because the 160 correctly flagged plus the 4990 incorrectly flagged is 5150,4.0,2.0,411.0,116.0,23.0,30.0,5.0,591.0,,2025-12-01 14:56:35,,1.0,0.0,7.0,7.0,4.0,0.0,1.89
162.0,,,base,interview,2025-12-01 14:46:54,,,,,,,,,2.0,2.0,,,,,,,,,,,,,,,,,,,,,,,,,,,4.0,350.0,,,,,,354.0,,2025-12-01 14:52:48,,0.0,0.0,2.0,2.0,0.0,0.0,1.35
163.0,,,base,interview,2025-12-01 14:46:56,,,,,,,,,2.0,2.0,,,,,,,,,,,,,,,,,,,,,,,,,,,16.0,,,,,,,16.0,,2025-12-01 14:47:12,,0.0,0.0,1.0,1.0,0.0,0.0,0.63
164.0,,,base,interview,2025-12-01 14:51:25,,,,,,,,,1.0,2.0,,,,,,,,,,,,,,,,,,,,,,,,,,,25.0,721.0,,,,,,93.0,,2025-12-01 15:03:51,,0.0,0.0,2.0,2.0,0.0,0.0,0.25
166.0,,,base,interview,2025-12-01 14:53:03,2.0,,-2.0,40.0,-2.0,22.0,-9.0,,1.0,2.0,1.0,4.0,1.0,1.0,no...,2.0,52.0,4.0,uk,8.0,,1.0,4.0,,11.0,I hope I did it correctly! ,-2.0,"5 out of 105. I calculated this by considering that in 105 women testing positive for BR, only 5 will have BR for real.",-2.0,"8 out of 1007. I calculated this by considering that in 1007 flagged messages, 999 would have been false alarms while 8 would have been true targets.",-2.0,9 out of 359. I calculated this by considering that in 359 women who test positive only 9 of them would have a fetus with D's syndrome.,-2.0,"80 out of 1070. Out of 1070 essays flagged by the system, only 80 would be targets.",-2.0,160 out of 5150. I calculated this by considering that in 5150 posts flagged only 160 would be targets.,4.0,138.0,561.0,109.0,38.0,30.0,4.0,884.0,,2025-12-01 15:07:47,,1.0,0.0,7.0,7.0,4.0,0.0,1.39
167.0,,,base,interview,2025-12-01 14:53:24,,,,,,,,,1.0,2.0,,,,,,,,,,,,,,,,,,,,,,,,,,,6.0,83.0,,,,,,89.0,,2025-12-01 14:54:53,,0.0,0.0,2.0,2.0,0.0,0.0,1.24
168.0,,,base,interview,2025-12-01 14:53:55,,,,,,,,,2.0,2.0,,,,,,,,,,,,,,,,,,,,,,,,,,,25.0,129.0,,,,,,154.0,,2025-12-01 14:56:29,,0.0,0.0,2.0,2.0,0.0,0.0,0.46
169.0,,,base,interview,2025-12-01 14:54:04,,,,,,,,,2.0,2.0,,,,,,,,,,,,,,,,,,,,,,,,,,,15.0,347.0,,,,,,362.0,,2025-12-01 15:00:06,,0.0,0.0,2.0,2.0,0.0,0.0,0.43
170.0,,,base,interview,2025-12-01 14:54:39,,,,,,,,,1.0,2.0,,,,,,,,,,,,,,,,,,,,,,,,,,,77.0,49.0,,,,,,59.0,,2025-12-01 14:56:45,,0.0,0.0,2.0,2.0,0.0,0.0,0.76
171.0,,,base,interview,2025-12-01 14:56:19,1.0,,1.0,,1.0,,-9.0,,2.0,2.0,1.0,3.0,1.0,1.0,,1.0,67.0,4.0,England UK,7.0,,1.0,4.0,,5.0,all good,-2.0,5.0,-2.0,10.0,-2.0,10.0,-2.0,80.0,-2.0,150.0,4.0,2.0,59.0,35.0,905.0,18.0,3.0,189.0,,2025-12-01 15:13:25,,1.0,0.0,7.0,7.0,8.0,3.0,2.32
172.0,,,base,interview,2025-12-01 15:07:05,,,,,,,,,1.0,2.0,,,,,,,,,,,,,,,,,,,,,,,,,,,5.0,217.0,,,,,,222.0,,2025-12-01 15:10:47,,0.0,0.0,2.0,2.0,0.0,0.0,1.16
178.0,,,base,interview,2025-12-02 10:45:52,,,,,,,,,2.0,2.0,,,,,,,,,,,,,,,,,,,,,,,,,,,277.0,424.0,,,,,,434.0,,2025-12-02 10:57:33,,0.0,0.0,2.0,2.0,0.0,0.0,0.1
179.0,,,base,interview,2025-12-02 10:48:13,,,,,,,,,2.0,2.0,,,,,,,,,,,,,,,,,,,,,,,,,,,34.0,,,,,,,34.0,,2025-12-02 10:48:47,,0.0,0.0,1.0,1.0,0.0,0.0,0.29
180.0,,,base,interview,2025-12-02 10:48:30,,,,,,,,,1.0,2.0,,,,,,,,,,,,,,,,,-9.0,,-9.0,,-9.0,,-9.0,,-9.0,,74.0,68.0,17.0,,,,,95.0,,2025-12-02 10:51:09,,0.0,0.0,3.0,3.0,83.0,82.0,1.38
181.0,,,base,interview,2025-12-02 10:50:11,,,,,,,,,1.0,2.0,,,,,,,,,,,,,,,,,,,,,,,,,,,5.0,20.0,,,,,,25.0,,2025-12-02 10:50:36,,0.0,0.0,2.0,2.0,0.0,0.0,2.5
182.0,,,base,interview,2025-12-02 10:51:55,2.0,,1.0,,-2.0,23.0,-9.0,,1.0,2.0,1.0,3.0,1.0,1.0,How the average person interprets statistics. ,1.0,23.0,4.0,England ,8.0,,1.0,4.0,,12.0,N/A,-2.0,5 out of 105. True positives plus total positives.,-2.0,"8 out of 1,007. The 8 correctly identified plus the 2 missed, the 999 incorrectly flagged.",-2.0,9 out of 359. Those who test positives plus those who are true positives.,-2.0,"80 out of 1,070. Actual violations plus those incorrectly flagged.",-2.0,"160 out of 4,650. Those with violations plus all those incorrectly flagged.",6.0,59.0,736.0,160.0,50.0,42.0,16.0,1069.0,,2025-12-02 11:09:44,,1.0,0.0,7.0,7.0,4.0,0.0,0.97
183.0,,,base,interview,2025-12-02 10:52:32,,,,,,,,,2.0,2.0,,,,,,,,,,,,,,,,,,,,,,,,,,,28.0,719.0,,,,,,96.0,,2025-12-02 11:04:59,,0.0,0.0,2.0,2.0,0.0,0.0,0.23
184.0,,,base,interview,2025-12-02 10:52:57,1.0,,1.0,,1.0,,-9.0,,2.0,2.0,1.0,3.0,1.0,1.0,You’re investigating how base rates affect the meaning of a “positive” result,2.0,41.0,4.0,UK,4.0,,1.0,4.0,,8.0,N/A,-2.0,True positives = 5 (those with cancer who test positive). False positives = 100 (those without cancer who test positive). Total who test positive = 5 + 100 = 105. So the number who actually have breast cancer among those who test positive = 5 out of 105,-2.0,"True positives (CSAM correctly detected) = 8. False positives (innocent messages incorrectly flagged) = 999. Total flagged = 8 + 999 = 1007. So out of the messages flagged by the system, 8 out of 1007 actually contain CSAM.",-2.0,True positives = 9 (those carrying a fetus with Down syndrome who test positive). False positives = 350 (those not carrying Down syndrome who test positive). Total who test positive = 9 + 350 = 359. So the number who actually are carrying a fetus with Down syndrome among those who test positive = 9 out of 359,-2.0,"True positives = 80 (essays with violations that were flagged). False positives = 990 (essays without violations that were incorrectly flagged). Total flagged = 80 + 990 = 1,070. So out of the essays flagged by the system, 80 out of 1,070 actually contain violations",-2.0,"True positives = 160 (posts with hate speech that were flagged). False positives = 4,990 (posts without violations that were incorrectly flagged). Total flagged = 160 + 4,990 = 5,150. So out of the posts flagged by the moderation system, 160 out of 5,150 actually contain hate speech",9.0,40.0,425.0,79.0,36.0,69.0,7.0,665.0,,2025-12-02 11:04:02,,1.0,0.0,7.0,7.0,4.0,0.0,1.25
185.0,,,base,interview,2025-12-02 10:54:00,1.0,,1.0,,1.0,,-9.0,,1.0,2.0,1.0,4.0,1.0,1.0,Probability understanding,1.0,24.0,4.0,Uk,8.0,,1.0,5.0,,7.0,NA,-2.0,"5 out of 105. I calculated this by adding the true positives and false positives together, then finding how many were true positives.",-2.0,8 out of 1007. I calculated this by adding the detections and flags together and subtracting the false flags.,-2.0,"9 out of 359. I calculated this by adding the positives and false positives together, already knowing how many were true positives.",-2.0,80 out of 1070. I caluclated this by adding the true violations and false flags together and finding how many were true violations.,-2.0,"160 out of 5150. I calculated this by combining the true violations and false flags together, then finding how many were true violations.",4.0,102.0,561.0,47.0,35.0,21.0,2.0,772.0,,2025-12-02 11:06:52,,1.0,0.0,7.0,7.0,4.0,0.0,1.84
186.0,,,base,interview,2025-12-02 10:56:07,,,,,,,,,2.0,2.0,,,,,,,,,,,,,,,,,,,,,,,,,,,4.0,27.0,,,,,,31.0,,2025-12-02 10:56:38,,0.0,0.0,2.0,2.0,0.0,0.0,2.51
187.0,,,base,interview,2025-12-02 10:57:45,,,,,,,,,1.0,2.0,,,,,,,,,,,,,,,,,,,,,,,,,,,10.0,37.0,,,,,,47.0,,2025-12-02 10:58:32,,0.0,0.0,2.0,2.0,0.0,0.0,1.42
188.0,,,base,interview,2025-12-02 11:02:49,1.0,,-2.0,0.25,1.0,,-9.0,,1.0,2.0,1.0,1.0,1.0,2.0,,2.0,21.0,4.0,united kingdom,8.0,,2.0,3.0,,1.0,nope :),-2.0,5 out of 105,-2.0,8 out of 1007,-2.0,9 out of 359,-2.0,80 out of 1070,-2.0,160 out of 5150,2.0,166.0,326.0,93.0,186.0,54.0,60.0,835.0,,2025-12-02 11:17:37,,1.0,0.0,7.0,7.0,8.0,3.0,1.01
189.0,,,base,interview,2025-12-02 11:05:12,,,,,,,,,2.0,2.0,,,,,,,,,,,,,,,,,,,,,,,,,,,18.0,24.0,,,,,,42.0,,2025-12-02 11:05:54,,0.0,0.0,2.0,2.0,0.0,0.0,1.69
190.0,,,base,interview,2025-12-02 11:06:37,,,,,,,,,1.0,2.0,,,,,,,,,,,,,,,,,,,,,,,,,,,10.0,30.0,,,,,,40.0,,2025-12-02 11:07:17,,0.0,0.0,2.0,2.0,0.0,0.0,1.63
191.0,,,base,interview,2025-12-02 11:13:36,1.0,,1.0,,1.0,,-9.0,,1.0,2.0,1.0,4.0,1.0,1.0,Whether accuracy of peoples interpretation of sensitivy and false positive rates improves - given some brief examples of Bayes theorem.,2.0,54.0,4.0,United Kingdom,8.0,,1.0,5.0,,8.0,Questions were clear and the knowledge interesting and useful.  The headline sensitivity rate and false positive rates give a false sense of accuracy to the layman in medical and academic AI detection domains.,-2.0,5 out of 105    The numerator is from the 5 have brease cancer and are detected.  The denominator is the sum of false positives and true positive test results.,-2.0,8 out of 1007 images flagged.  8 is from those true positive detections cited in the narrative.  1007 is sum of 999 false positives plus 8 true positive detections.,-2.0,9 out of 359.  9 from the number detected as positive.  359 is sume of that same 9 plus 350 false positives.,-2.0,80 out of 1070.  80 is those essays with violations that are flagged.  1079 is sum of 990 false positives and 80 essays with violations that are flagged,-2.0,160 out of 5150.  5150 is sum of 160 violations correctly identified plus 4990,3.0,547.0,799.0,237.0,150.0,71.0,8.0,1815.0,,2025-12-02 11:43:51,,1.0,0.0,7.0,7.0,4.0,0.0,0.87
192.0,,,base,interview,2025-12-02 11:14:12,1.0,,1.0,,1.0,,-9.0,,1.0,2.0,1.0,2.0,1.0,1.0,"Testing our ability to guess the probablility of certain events happening, but really I'm not sure on the purpose. ",2.0,35.0,4.0,UK,8.0,,1.0,4.0,,9.0,"Easy study with easy instructions, no improvements suggested. ",-2.0,"out of 1000 women, 105 will have breast cancer. I calculated this by adding the 5 postive tests to the further 100 positive tests",-2.0,"out of 10,000 messages, 10 contained CSAM images. I didn't perform any maths here, went off the statement of '10 images containing CSAM'",-2.0,"out of 7000, 360 women will test positive for a downsyndrome fetus. I calcualted this by adding the 10 already tested to the further 350 mentioned.",-2.0,"of the 10,000 essays, 100 included AI generated content. No maths just followed the statement ' 100 essays contained violations'",-2.0,"out of 100,000 posts, 200 were flagged for hate speach. I didn't perform any maths, only followed the statement '200 posts had violations'",3.0,55.0,550.0,131.0,67.0,60.0,8.0,874.0,,2025-12-02 11:28:47,,1.0,0.0,7.0,7.0,4.0,0.0,1.21
193.0,,,base,interview,2025-12-02 11:14:27,,,,,,,,,2.0,2.0,,,,,,,,,,,,,,,,,-2.0,4 out of 1000 I calculated this by taking the one false positive away from the positive tests.,-2.0,1009 out of 10000 messages contain CSAM. I calculated this by adding the 10 AI flagged messages to the 999 incorrectly flagged messages.,-2.0,9 out of 359 women. I got to this figure by adding the positive confirmed tests and false positive tests together.,-2.0,100 out of 1070 true violations. I added the AI flagged violations to those incorrectly flagged by the system,-9.0,,37.0,1126.0,1984.0,,,,,533.0,,2025-12-02 12:06:54,,0.0,0.0,3.0,3.0,17.0,16.0,0.18
194.0,,,base,interview,2025-12-02 11:18:21,,,,,,,,,2.0,2.0,,,,,,,,,,,,,,,,,,,,,,,,,,,6.0,,,,,,,6.0,,2025-12-02 11:18:27,,0.0,0.0,1.0,1.0,0.0,0.0,1.67
195.0,,,base,interview,2025-12-02 11:20:41,1.0,,2.0,,1.0,,-9.0,,2.0,2.0,1.0,3.0,1.0,1.0,,1.0,48.0,4.0,united kingdom,8.0,,1.0,6.0,,2.0,There was nothing that I felt uncomfortable answering.,-2.0,5 out of 105. I calculated this by adding the true positives and false positives together then finding how many were true positives.,-2.0,8 out of 1007. I calculated this by adding the true positives and false positives together then finding how many were true positives.,-2.0,9 out of 359. I calculated this by adding the true positives and false positives together then finding how many were true positives.,-2.0,80 out of 1070. I calculated this by adding the true positives and false positives together then finding how many were true positives.,-2.0,"160 out of 5,150. I calculated this by adding the true positives and false positives together then finding how many were true positives.",6.0,412.0,459.0,302.0,79.0,35.0,7.0,1300.0,,2025-12-02 11:42:21,,1.0,0.0,7.0,7.0,8.0,3.0,0.88
196.0,,,base,interview,2025-12-02 11:24:05,2.0,,1.0,,1.0,,-9.0,,2.0,2.0,1.0,4.0,1.0,1.0,To examine logical thiking,2.0,36.0,4.0,United Kingdom,8.0,,1.0,4.0,,7.0,That was interesting. I'm curious about the answers. ,-2.0,5 out fo 105. I calculated it by addidng true positives to false positives.,-2.0,8 out of 1007. I calculated it by adding incorrectly flagged messages to the detected ones.,-2.0,9 out of 359. I calculated this by adding test positive who are crrying a fetus and tose who don't but were also tested positive.,-2.0,80 out of 1070. I calculated this by adding those flagged correctly to those flagged incorrectly.,-2.0,160 out of 5150. I calculated this by adding those that were flagged correctly to those that were incorrectly flagged.,674.0,14.0,1081.0,278.0,63.0,92.0,19.0,1557.0,,2025-12-02 12:01:06,,1.0,0.0,7.0,7.0,4.0,0.0,0.81
197.0,,,base,interview,2025-12-02 11:42:07,,,,,,,,,1.0,2.0,,,,,,,,,,,,,,,,,,,,,,,,,,,15.0,,,,,,,15.0,,2025-12-02 11:42:22,,0.0,0.0,1.0,1.0,0.0,0.0,0.67
198.0,,,base,interview,2025-12-02 11:52:47,,,,,,,,,2.0,2.0,,,,,,,,,,,,,,,,,,,,,,,,,,,21.0,61.0,,,,,,82.0,,2025-12-02 11:54:09,,0.0,0.0,2.0,2.0,0.0,0.0,0.8
200.0,,,base,interview,2025-12-02 11:55:39,1.0,,2.0,,1.0,,-9.0,,1.0,2.0,1.0,3.0,1.0,1.0,not sure,2.0,29.0,4.0,england,7.0,,1.0,4.0,,5.0,"all good, thought it was hard but i tried my best, have a nice day :)",-2.0,5 out of 105 as they have breast cancer and the others dont,-2.0,8 out of 1007 at there are in total 1007 messages scanned by the system and only 8 are bad,-2.0,"359 out of 7000, as there are 7000 subjects and 360 are carrying ds featuses one one who is didnt test positive",-2.0,"80 out of 1,070 as their were 80 true positives and 990 false positives",-2.0,"160 out of 5150 as their was 160 tue positives and 4990, false positives",30.0,62.0,1268.0,81.0,53.0,24.0,8.0,1526.0,,2025-12-02 12:21:05,,1.0,0.0,7.0,7.0,4.0,0.0,0.98
201.0,,,base,interview,2025-12-02 11:55:41,,,,,,,,,1.0,2.0,,,,,,,,,,,,,,,,,,,,,,,,,,,9.0,41.0,,,,,,50.0,,2025-12-02 11:56:31,,0.0,0.0,2.0,2.0,0.0,0.0,1.38
202.0,,,base,interview,2025-12-02 11:55:42,,,,,,,,,1.0,2.0,,,,,,,,,,,,,,,,,,,,,,,,,,,3.0,12.0,,,,,,15.0,,2025-12-02 11:55:57,,0.0,0.0,2.0,2.0,0.0,0.0,3.0
203.0,,,base,interview,2025-12-02 11:55:42,,,,,,,,,2.0,2.0,,,,,,,,,,,,,,,,,,,,,,,,,,,28.0,4.0,,,,,,32.0,,2025-12-02 11:56:14,,0.0,0.0,2.0,2.0,0.0,0.0,1.68
204.0,,,base,interview,2025-12-02 11:58:33,,,,,,,,,1.0,2.0,,,,,,,,,,,,,,,,,,,,,,,,,,,8.0,143.0,,,,,,151.0,,2025-12-02 12:01:04,,0.0,0.0,2.0,2.0,0.0,0.0,0.86
205.0,,,base,interview,2025-12-02 11:59:57,,,,,,,,,2.0,2.0,,,,,,,,,,,,,,,,,,,,,,,,,,,4.0,3.0,,,,,,7.0,,2025-12-02 12:00:04,,0.0,0.0,2.0,2.0,0.0,0.0,2.75
206.0,,,base,interview,2025-12-02 12:01:35,,,,,,,,,1.0,2.0,,,,,,,,,,,,,,,,,,,,,,,,,,,24.0,338.0,,,,,,362.0,,2025-12-02 12:07:37,,0.0,0.0,2.0,2.0,0.0,0.0,0.31
207.0,,,base,interview,2025-12-02 12:01:58,1.0,,-2.0,12.5,-2.0,23.0,-9.0,,2.0,2.0,1.0,3.0,1.0,1.0,,2.0,29.0,4.0,UK,6.0,,5.0,3.0,,3.0,n/a,-2.0,100 out of 100. It was 100% on the 5 with breast cancer.,-2.0,700 out of 999. Seems similar to the percent that were flagged originally.,-2.0,"315 out of 350. It's 90% of 350, 90% was detected for the 10 fetuses.",-2.0,792 out of 990. That's 80% of 990.,-2.0,3992 out of 4990. 90% of 4990.,43.0,1051.0,930.0,172.0,56.0,21.0,10.0,1300.0,,2025-12-02 12:40:01,,1.0,0.0,7.0,7.0,8.0,3.0,0.73
208.0,,,base,interview,2025-12-02 12:03:48,1.0,,1.0,,1.0,,-9.0,,1.0,2.0,1.0,2.0,1.0,1.0,Whether statistics can be misleading,1.0,51.0,4.0,UK,8.0,,1.0,4.0,,6.0,Very thought provoking,-2.0,5 out of 105. There are 5 true positives. 995 do not have cancer and 100 will test as a fals4e positive. Total positives = 5 + 100 = 105 but only 5 are true cases,-2.0,"8 out of 1007. 10 messages contain CSAM, 8 of those are detected, 9990 msaages are innocent, of those 999 are false positives. 8 true + 999 false = 1007",-2.0,"9 out of 359. 10 women carrying a down sydrome fetus. 9 are true positives. 6990 women do not have a fetus with down sydrome. 350 of these test positive but are false positives. 9 true positives + 350 false positives = 359 total positives, of which 9 are true",-2.0,"80 out of 1070. 100 contain AI generated violations, of those 80 are true positives. 9900 do not contain violations. Of those 990 are incorrectly flagged so are false positives. 80 true positives + 990 false positives = 1070 flagged. 80 out of 1070 actually contain violations",-2.0,"160 out of 5150. 200 posts actually contain hate speech. Of those 160 are true positives. 99800 do not contain hate speech, of which there are 4990 false positives. 160 true positives + 4990 false positives = 5150 flagged posts.",62.0,755.0,1937.0,112.0,53.0,28.0,6.0,705.0,,2025-12-02 12:53:01,,1.0,0.0,7.0,7.0,4.0,0.0,0.76
209.0,,,base,interview,2025-12-02 12:03:57,,,,,,,,,2.0,2.0,,,,,,,,,,,,,,,,,,,,,,,,,,,21.0,17.0,,,,,,38.0,,2025-12-02 12:04:35,,0.0,0.0,2.0,2.0,0.0,0.0,1.74
210.0,,,base,interview,2025-12-02 12:04:05,1.0,,1.0,,1.0,,-9.0,,1.0,2.0,1.0,4.0,1.0,1.0,,2.0,37.0,4.0,USA,8.0,,1.0,4.0,,6.0,NO,-2.0,"5 out of 105 I added the true positives  and false positives  to get 105 total positive tests, then noted that 5 of those 105 actually have cancer.",-2.0,"8 out of 1,007 True detetions = 8 and false flags = 999, so 8 + 999 = 1,007 flagged messages; 8 of those actually contain CSAM.a",-2.0,"9 out of 359 True positives = 9 and false positives = 350, giving 9 + 350 = 359 positives; 9 of thse are true cases.",-2.0,"80 out of 1,070 True viotions flagged = 80 and false flags = 990, so 80 + 990 = 1,070 flaged essays; 80 of those actualy vilate policy.",-2.0,"160 out of 5,150 True positives = 160 and false postives = 4,99, totaling 160 + 4,990 = 5,150 flagged posts; 160 of those actually contain hate speech.",108.0,57.0,895.0,41.0,139.0,92.0,6.0,1240.0,,2025-12-02 12:26:23,,1.0,0.0,7.0,7.0,8.0,3.0,0.94
211.0,,,base,interview,2025-12-02 12:04:32,1.0,,1.0,,1.0,,-9.0,,1.0,2.0,1.0,3.0,1.0,1.0,,2.0,52.0,4.0,united kingdom,4.0,,1.0,6.0,,4.0,Thank you for the clear and interesting study.,-2.0,5 out of 100 I added the positives together and counted how many really had cancer.,-2.0,8 out of 1000 I added all flagged messages and counted how many were really csam.,-2.0,9 out of 350 I added the positives and counted how many really had down syndrome.,-2.0,80 out of 1100 I added all flagged essays and counted how many really had violations.,-2.0,150 out of 4500 I added all flagged posts and counted how many really had hate speech.,4.0,115.0,489.0,85.0,63.0,30.0,4.0,790.0,,2025-12-02 12:17:42,,1.0,0.0,7.0,7.0,8.0,3.0,1.36
212.0,,,base,interview,2025-12-02 12:04:44,,,,,,,,,1.0,2.0,,,,,,,,,,,,,,,,,,,,,,,,,,,3.0,,,,,,,3.0,,2025-12-02 12:04:48,,0.0,0.0,1.0,1.0,0.0,0.0,3.0
213.0,,,base,interview,2025-12-02 12:07:23,1.0,,1.0,,1.0,,-9.0,,1.0,2.0,1.0,4.0,1.0,1.0,,2.0,27.0,4.0,United States of America,8.0,,1.0,4.0,,5.0,no,-2.0,"5 OUT OF 105 Procedure:  I calculated this by adding the true positives (5) and false positives (100) together, then finding how many were true positives",-2.0,"8 OUT OF 1007 Procedure: I calculated this by adding the true detections (8) and false flags (999) together, then finding how many were true detections",-2.0,"9 OUT OF 359  Procedure I calculated this by adding the true positives (9) and false positives (350) together, then finding how many were true positives",-2.0,"80 OUT OF 1070 Procedure : I calculated this by adding the true violations (80) and false flags (990) together, then finding how many were true violation",-2.0,"160 OUT OF 5150 . Proecedure : I calculated this by adding the true violations (160) and false flags (4990) together, then finding how many were true violations",54.0,1224.0,365.0,53.0,74.0,39.0,9.0,662.0,,2025-12-02 12:37:41,,1.0,0.0,7.0,7.0,8.0,3.0,0.88
214.0,,,base,interview,2025-12-02 12:07:36,,,,,,,,,2.0,2.0,,,,,,,,,,,,,,,,,,,,,,,,,,,47.0,1068.0,,,,,,115.0,,2025-12-02 12:26:11,,0.0,0.0,2.0,2.0,0.0,0.0,0.14
215.0,,,base,interview,2025-12-02 12:07:53,1.0,,2.0,,1.0,,-9.0,,2.0,2.0,1.0,4.0,1.0,1.0,,1.0,41.0,4.0,UK,8.0,,1.0,4.0,,7.0,Very interesting study. Thank you!,-2.0,20.0,-2.0,40.0,-2.0,25.0,-2.0,32.0,-2.0,30.0,13.0,85.0,134.0,93.0,78.0,180.0,29.0,468.0,,2025-12-02 12:18:05,,1.0,0.0,7.0,7.0,8.0,3.0,1.01
216.0,,,base,interview,2025-12-02 12:09:08,,,,,,,,,1.0,2.0,,,,,,,,,,,,,,,,,,,,,,,,,,,3.0,18.0,,,,,,21.0,,2025-12-02 12:09:29,,0.0,0.0,2.0,2.0,0.0,0.0,3.0
217.0,,,base,interview,2025-12-02 12:11:12,,,,,,,,,2.0,1.0,,,,,,,,,,,,,,,,,,,,,,,,,,,3.0,,,,,,,3.0,,2025-12-02 12:11:15,,0.0,0.0,1.0,1.0,0.0,0.0,3.0
218.0,,,base,interview,2025-12-02 12:11:19,1.0,,1.0,,1.0,,-9.0,,1.0,2.0,1.0,4.0,1.0,1.0,"I'm not sure. How different people / demographics interpret different data possibly? There's probably much more to it!



",2.0,46.0,4.0,United Kingdom,4.0,,1.0,4.0,,8.0,"This was an interesting study, I enjoyed taking part. The format worked well, I didn't experience any technical or other issues.
Many thanks.",-2.0,105 out of 1000,-2.0,8 out of 1007,-2.0,9 out of 359,-2.0,80 out of 1070,-2.0,160 out of 5150,953.0,8.0,327.0,114.0,92.0,84.0,15.0,650.0,,2025-12-02 12:37:52,,1.0,0.0,7.0,7.0,4.0,0.0,0.99
219.0,,,base,interview,2025-12-02 12:12:33,-2.0,60.0,1.0,,1.0,,-9.0,,2.0,2.0,1.0,2.0,1.0,1.0,,2.0,64.0,4.0,United Kingdom,8.0,,3.0,8.0,Accountant,7.0,It was fine thank you,-2.0,5 out of 1000 I calculated this by ignoring the number of false positives,-2.0,10 out of 10000 I calculated this by seeing that 999 message were incorrectly flagged whereas the 10 meesages actually did contain CSAM,-2.0,10 out of 7000 I calculat4ed this by adding the number of true and false positives and seeing how many of all the positives were false,-2.0,100 out of 10000 I calculated this by looking at the total number of positives and deleting the false positives,-2.0,200 out of 100000 I calculated by looking at the total number of positives and deducting the number of false flags,19.0,586.0,591.0,61.0,71.0,32.0,10.0,852.0,,2025-12-02 12:35:23,,1.0,0.0,7.0,7.0,8.0,3.0,0.86
220.0,,,base,interview,2025-12-02 12:15:52,,,,,,,,,1.0,2.0,,,,,,,,,,,,,,,,,,,,,,,,,,,23.0,,,,,,,23.0,,2025-12-02 12:16:15,,0.0,0.0,1.0,1.0,0.0,0.0,0.43
221.0,,,base,interview,2025-12-02 12:18:44,1.0,,1.0,,-2.0,24.0,-9.0,,2.0,2.0,1.0,4.0,1.0,1.0,N/A,2.0,41.0,4.0,United Kingdom,10.0,Foundation ,1.0,6.0,,5.0,N/A,-2.0,5 out of 100. I calculated this by adding the true and false positives. Then just selected the true figure.,-2.0,"9 out of 999. I calculated this by adding the true detections and false flags together, then finding how many were true detections.",-2.0,"9 out of 350. I calculated this by adding the true positives and false positives together, then finding how many were true positives.",-2.0,"80 out of 990. I calculated this by adding the true violations and false flags together, then finding how many were true violations.",-2.0,"160 out of 4990. I calculated this by adding the true violations and false flags together, then finding how many were true violations.",5.0,1283.0,2545.0,95.0,29.0,15.0,3.0,643.0,,2025-12-02 13:25:00,,1.0,0.0,7.0,7.0,4.0,0.0,1.54
222.0,,,base,interview,2025-12-02 12:19:57,-2.0,30 - odds are 3/5 (0.60) 50 x 0.6 = 30,1.0,,1.0,,-9.0,,1.0,2.0,1.0,4.0,1.0,1.0,no,1.0,28.0,4.0,United Kingdom,8.0,,1.0,4.0,,7.0,no,-2.0,5 out of 105- the quesrion says 1000 women participate in the screening and 5 have breast cancer. It also says 100 will test postive falsely so 100 + 5 means it is out of 105/,-2.0,8 out of 1007    - 999 false+8 detected correctly = 1007 - 8 messages flagged were correct so its 8 out of 1007,-2.0,"9 out of 359 350+9 positive tests, only 9 true/",-2.0,80 out of 1070 - true positives 80 + false positves 9090 - 80 actually contain the violations.,-2.0,"160 out of 5150 - 160 + 4,990 = 5,150 160 actually contain hate speech",3.0,4.0,823.0,98.0,25.0,13.0,3.0,969.0,,2025-12-02 12:36:06,,1.0,0.0,7.0,7.0,4.0,0.0,2.25
223.0,,,base,interview,2025-12-02 12:20:52,,,,,,,,,2.0,2.0,,,,,,,,,,,,,,,,,,,,,,,,,,,26.0,711.0,,,,,,94.0,,2025-12-02 12:33:09,,0.0,0.0,2.0,2.0,0.0,0.0,0.24
224.0,,,base,interview,2025-12-02 12:22:03,1.0,,1.0,,1.0,,-9.0,,2.0,2.0,1.0,3.0,1.0,1.0,no,1.0,26.0,4.0,United Kingdom,8.0,,1.0,4.0,,12.0,Yes you need to improve the other webpages it opens,-2.0,"5 out of 105 I calculated this by adding the true positives (5) and false positives (100) to get total positives (105), then noting that 5 of those 105 are true positives.",-2.0,"8 out of 1007 I calculated this by adding the true detections (8) and false flags (999) to get total flagged messages (1007), then noting that 8 of those 1007 are true detections.",-2.0,"9 out of 359 I calculated this by adding the true positives (9) and false positives (350) to get total positives (359), then noting that 9 of those 359 are true positives.",-2.0,"80 out of 1070 I calculated this by adding the true flagged violations (80) and false flags (990) to get total flagged essays (1070), then noting that 80 of those 1070 actually contain violations.",-2.0,"160 out of 5150 I calculated this by adding the true positives (160) and false positives (4,990) to get total flagged posts (5,150), then noting that 160 of those 5,150 actually contain hate speech.",5.0,61.0,362.0,641.0,124.0,20.0,4.0,683.0,,2025-12-02 12:42:20,,1.0,0.0,7.0,7.0,4.0,0.0,1.26
225.0,,,base,interview,2025-12-02 12:30:31,1.0,,2.0,,3.0,,-9.0,,2.0,2.0,1.0,3.0,1.0,1.0,probabiliies,1.0,20.0,4.0,UK,8.0,,1.0,4.0,,6.0,no,-2.0,100 out of 1000,-2.0,10 out of 10000,-2.0,350 out of 7000,-2.0,8910 out of 10000,-2.0,94810 out of 100000,4.0,2.0,434.0,79.0,52.0,30.0,5.0,606.0,,2025-12-02 12:40:37,,1.0,0.0,7.0,7.0,4.0,0.0,1.71
226.0,,,base,interview,2025-12-02 12:49:59,,,,,,,,,1.0,2.0,,,,,,,,,,,,,,,,,,,,,,,,,,,10.0,,,,,,,10.0,,2025-12-02 12:50:09,,0.0,0.0,1.0,1.0,0.0,0.0,1.0
227.0,,,base,interview,2025-12-02 12:50:52,1.0,,1.0,,1.0,,-9.0,,1.0,2.0,1.0,4.0,1.0,1.0,Understanding how people interpret screening results,1.0,29.0,4.0,United Kingdom,7.0,,1.0,4.0,,6.0,No,-2.0,5 out of 105. I identified the true positives (all 5 women with breast cancer test positive) then the false positives (100 women without breast cancer test positive) The total number of positive tests is 5 + 100 = 105... out of these only 5 are true positives.,-2.0,"8 out of 1007. I identified the true detections (8 of the 10 CSAM are correctly flagged) then the false flags (999 innocent messages incorrectly flagged) Total number is 8 + 999 = 1007, out of these only 7 actually contain CSAM",-2.0,9 out of 359. I identified the true positives (9 of 10 women carrying a fetus with down syndrome test positive) then the false positives (350 women not carrying fetus with down syndrome also tested positive) total number of positive test is 9+350 = 359... out of these only 9 are true positives,-2.0,80 out of 1070. Identified the true violations (80 out of 100 essays correctly flagged) then the false flags (900 essays without violations incorrectly flagged) total number of flagged essays is 80 + 990 = 070... out of these only 80 actually contain violations,-2.0,160 out of 5150. Identified the true violations (160 of the 200 are correctly flagged) then added the false flags (4990 incorrectly flagged) the total number of flagged posts is 160 + 4990 = 5150... out of these only 160 actually contain hate speech,743.0,506.0,312.0,45.0,46.0,32.0,3.0,954.0,,2025-12-02 13:18:59,,1.0,0.0,7.0,7.0,4.0,0.0,1.31
228.0,,,base,interview,2025-12-02 12:59:44,1.0,,1.0,,1.0,,-9.0,,1.0,2.0,1.0,2.0,1.0,1.0,,1.0,24.0,4.0,UK,8.0,,1.0,3.0,,4.0,No,-2.0,5 out of 105. added all positives together then found how many were true positives,-2.0,8 out of 1007. added all flags together then found how many were true flags,-2.0,9 out of 359 added all positives together then found how many were true positives,-2.0,80 out of 1070 added all flags together then found how many were true violations,-2.0,160 out of 5150 added all flags together then found how many were true positives,3.0,27.0,174.0,50.0,40.0,15.0,3.0,312.0,,2025-12-02 13:04:56,,1.0,0.0,7.0,7.0,8.0,3.0,2.41
229.0,,,base,interview,2025-12-02 13:01:50,2.0,,1.0,,4.0,,-9.0,,2.0,2.0,1.0,3.0,1.0,1.0,,2.0,74.0,4.0,UK,8.0,,3.0,8.0,retired,6.0,"I spent some time looking at the Rarity Roulette but still not sure I understood the following questions correctly. I did my best I hope my answers were useful.
regards",-2.0,105 out of 105  by adding 5 true positives to 100 false positives,-2.0,8 out of 1007 as stated in the text above 8 out of 10 are flagged correctly 999 are flagged incorrectly,-2.0,9 out of 359 by adding the true positives 9 to the false positives 350,-2.0,80 out of 1070 by adding the true positives 80 to the false positives 990,-2.0,160 out of 5150 by adding true violations 160 to false positives 4990,39.0,411.0,1119.0,205.0,184.0,46.0,17.0,2021.0,,2025-12-02 13:35:31,,1.0,0.0,7.0,7.0,8.0,3.0,0.42
230.0,,,base,interview,2025-12-02 13:21:20,,,,,,,,,1.0,2.0,,,,,,,,,,,,,,,,,,,,,,,,,,,5.0,38.0,,,,,,43.0,,2025-12-02 13:22:03,,0.0,0.0,2.0,2.0,0.0,0.0,1.89
231.0,,,base,interview,2025-12-02 14:37:01,,,,,,,,,2.0,2.0,,,,,,,,,,,,,,,,,,,,,,,,,,,6.0,,,,,,,6.0,,2025-12-02 14:37:07,,0.0,0.0,1.0,1.0,0.0,0.0,1.67
232.0,,,base,interview,2025-12-02 14:54:08,,,,,,,,,2.0,2.0,,,,,,,,,,,,,,,,,,,,,,,,,,,29.0,1451.0,,,,,,97.0,,2025-12-02 15:18:48,,0.0,0.0,2.0,2.0,0.0,0.0,0.2
234.0,,,base,interview,2025-12-02 15:20:37,1.0,,-2.0,0.25,1.0,,-9.0,,2.0,2.0,1.0,4.0,1.0,1.0,Ability to utilise statistics to answer risks analysis questions ,2.0,37.0,4.0,UK,8.0,,1.0,4.0,,10.0,Na,-2.0,"5 out of 105 I calculated this by:  True positives: 5 women have breast cancer and all 5 test positive.  False positives: 995 women do not have breast cancer, but 100 of them test positive.  Total positives: 5 (true positives) + 100 (false positives) = 105.  So, out of 105 women who test positive, 5 actually have breast cancer.",-2.0,"8 out of 1,007 I calculated this by:  True detections: 10 messages contain CSAM, and 8 of those are detected by the system.  False flags: 9,990 innocent messages exist, and 999 of those are incorrectly flagged.  Total flagged messages: 8 (true detections) + 999 (false flags) = 1,007.  So, out of 1,007 flagged messages, 8 actually contain CSAM.",-2.0,"9 out of 359 I calculated this by:  True positives: 10 women are carrying a fetus with Down syndrome, and 9 of those test positive.  False positives: 6,990 women are not carrying a fetus with Down syndrome, and 350 of those test positive.  Total positives: 9 (true positives) + 350 (false positives) = 359.  So, out of 359 women who test positive, 9 are actually carrying a fetus with Down syndrome.",-2.0,"80 out of 1,070 I calculated this by:  True violations flagged: 100 essays contain violations, and 80 of those are flagged by the system.  False flags: 9,900 essays do not contain violations, and 990 of those are incorrectly flagged.  Total flagged essays: 80 (true violations) + 990 (false flags) = 1,070.  So, out of 1,070 flagged essays, 80 actually contain violations.",-2.0,"160 out of 5,150 I calculated this by:  True violations flagged: 200 posts contain hate speech, and 160 of those are flagged by the system.  False flags: 99,800 posts do not contain violations, and 4,990 of those are incorrectly flagged.  Total flagged posts: 160 (true violations) + 4,990 (false flags) = 5,150.  So, out of 5,150 flagged posts, 160 actually contain hate speech",28.0,1971.0,217.0,79.0,42.0,38.0,2.0,474.0,,2025-12-02 16:00:14,,1.0,0.0,7.0,7.0,4.0,0.0,1.33
236.0,,,base,interview,2025-12-02 15:51:41,,,,,,,,,2.0,2.0,,,,,,,,,,,,,,,,,,,,,,,,,,,3.0,,,,,,,3.0,,2025-12-02 15:51:44,,0.0,0.0,1.0,1.0,0.0,0.0,3.0
