CASE,STARTED,condition,time_min,attn_pass,effort_pass,distraction_pass,excluded,in_full_sample,in_quality_sample,bayes_1,bayes_2,bayes_3,bayes_total,bayes_prop,TP01_correct,TP02_correct,TP03_correct,TP04_correct,TP05_correct,accuracy
322.0,2026-01-04 14:01:00,control,13.483333333333333,True,True,True,False,True,False,1.0,1.0,1.0,3.0,1.0,1.0,1.0,1.0,1.0,1.0,5.0
325.0,2026-01-04 14:37:41,control,15.116666666666667,True,True,True,False,True,True,1.0,1.0,1.0,3.0,1.0,1.0,1.0,1.0,1.0,1.0,5.0
328.0,2026-01-04 15:05:59,control,21.166666666666668,True,True,True,False,True,True,1.0,0.0,1.0,2.0,0.6666666666666666,1.0,1.0,1.0,1.0,1.0,5.0
329.0,2026-01-04 15:39:30,treatment,22.216666666666665,True,True,False,True,False,False,1.0,1.0,1.0,3.0,1.0,1.0,1.0,1.0,1.0,1.0,5.0
331.0,2026-01-04 16:22:16,control,12.133333333333333,True,True,True,False,True,False,0.0,1.0,1.0,2.0,0.6666666666666666,1.0,1.0,1.0,1.0,1.0,5.0
333.0,2026-01-04 16:42:14,control,17.183333333333334,True,True,False,True,False,False,0.0,0.0,0.0,0.0,0.0,1.0,1.0,0.0,0.0,0.0,2.0
335.0,2026-01-04 17:42:35,treatment,32.13333333333333,True,True,True,False,True,True,1.0,1.0,1.0,3.0,1.0,1.0,1.0,1.0,1.0,1.0,5.0
338.0,2026-01-04 18:50:19,treatment,24.75,True,True,True,False,True,True,0.0,1.0,1.0,2.0,0.6666666666666666,1.0,0.0,1.0,0.0,1.0,3.0
342.0,2026-01-04 19:54:19,control,8.633333333333333,True,True,True,False,True,False,1.0,1.0,1.0,3.0,1.0,1.0,1.0,1.0,1.0,1.0,5.0
344.0,2026-01-04 20:14:08,treatment,12.7,True,True,True,False,True,False,0.0,0.0,1.0,1.0,0.3333333333333333,0.0,0.0,0.0,0.0,0.0,0.0
346.0,2026-01-04 20:32:27,control,11.516666666666667,True,True,True,False,True,False,0.0,0.0,0.0,0.0,0.0,0.0,0.0,0.0,0.0,0.0,0.0
347.0,2026-01-04 20:59:59,control,19.7,True,True,True,False,True,True,1.0,0.0,0.0,1.0,0.3333333333333333,0.0,1.0,1.0,0.0,0.0,2.0
350.0,2026-01-04 21:34:42,control,19.7,True,True,True,False,True,True,1.0,1.0,1.0,3.0,1.0,1.0,1.0,1.0,1.0,1.0,5.0
352.0,2026-01-04 22:37:08,control,13.766666666666667,True,True,True,False,True,False,1.0,1.0,1.0,3.0,1.0,1.0,1.0,1.0,1.0,1.0,5.0
353.0,2026-01-04 22:52:40,control,16.95,True,True,True,False,True,True,1.0,1.0,1.0,3.0,1.0,1.0,1.0,1.0,1.0,1.0,5.0
355.0,2026-01-04 23:12:41,treatment,11.9,True,True,True,False,True,False,1.0,1.0,1.0,3.0,1.0,1.0,1.0,1.0,1.0,1.0,5.0
356.0,2026-01-04 23:36:48,treatment,25.45,True,True,True,False,True,True,1.0,1.0,1.0,3.0,1.0,1.0,1.0,1.0,1.0,1.0,5.0
357.0,2026-01-05 00:08:24,treatment,24.216666666666665,True,True,True,False,True,True,1.0,0.0,0.0,1.0,0.3333333333333333,0.0,0.0,0.0,0.0,0.0,0.0
359.0,2026-01-05 00:38:33,treatment,18.65,True,True,True,False,True,True,1.0,1.0,1.0,3.0,1.0,1.0,1.0,1.0,1.0,1.0,5.0
360.0,2026-01-05 01:30:36,treatment,20.6,True,True,True,False,True,True,1.0,1.0,1.0,3.0,1.0,1.0,1.0,1.0,1.0,1.0,5.0
367.0,2026-01-05 03:19:22,treatment,16.95,True,False,True,True,False,False,1.0,1.0,1.0,3.0,1.0,1.0,0.0,1.0,1.0,0.0,3.0
368.0,2026-01-05 03:45:08,control,18.633333333333333,True,True,True,False,True,True,1.0,1.0,1.0,3.0,1.0,1.0,1.0,1.0,1.0,1.0,5.0
372.0,2026-01-05 04:17:58,control,22.266666666666666,True,True,True,False,True,True,1.0,1.0,0.0,2.0,0.6666666666666666,1.0,1.0,1.0,1.0,1.0,5.0
373.0,2026-01-05 04:47:29,treatment,16.366666666666667,True,True,True,False,True,True,1.0,0.0,1.0,2.0,0.6666666666666666,0.0,0.0,1.0,0.0,0.0,1.0
378.0,2026-01-05 06:21:27,control,16.483333333333334,True,True,True,False,True,True,1.0,1.0,1.0,3.0,1.0,1.0,1.0,1.0,0.0,1.0,4.0
381.0,2026-01-05 07:27:56,control,15.666666666666666,True,True,True,False,True,True,1.0,1.0,1.0,3.0,1.0,1.0,1.0,1.0,1.0,1.0,5.0
382.0,2026-01-05 07:44:04,control,20.116666666666667,True,True,True,False,True,True,1.0,1.0,0.0,2.0,0.6666666666666666,1.0,1.0,1.0,1.0,1.0,5.0
383.0,2026-01-05 08:10:08,treatment,9.416666666666666,True,False,True,True,False,False,0.0,0.0,0.0,0.0,0.0,0.0,0.0,0.0,0.0,0.0,0.0
384.0,2026-01-05 08:20:44,treatment,10.583333333333334,True,True,True,False,True,False,1.0,1.0,1.0,3.0,1.0,1.0,1.0,1.0,0.0,0.0,3.0
386.0,2026-01-05 09:45:16,control,12.766666666666667,True,True,True,False,True,False,1.0,1.0,0.0,2.0,0.6666666666666666,1.0,1.0,1.0,0.0,1.0,4.0
387.0,2026-01-05 10:05:24,treatment,13.433333333333334,True,True,True,False,True,False,1.0,1.0,1.0,3.0,1.0,1.0,1.0,1.0,1.0,1.0,5.0
388.0,2026-01-05 10:22:46,treatment,33.78333333333333,True,True,True,False,True,True,1.0,1.0,0.0,2.0,0.6666666666666666,1.0,1.0,1.0,1.0,1.0,5.0
389.0,2026-01-05 11:02:26,treatment,14.616666666666667,True,True,True,False,True,False,1.0,1.0,1.0,3.0,1.0,0.0,0.0,1.0,1.0,1.0,3.0
390.0,2026-01-05 11:21:25,treatment,25.416666666666668,True,True,True,False,True,True,0.0,1.0,1.0,2.0,0.6666666666666666,1.0,1.0,1.0,0.0,0.0,3.0
391.0,2026-01-05 11:47:13,treatment,16.816666666666666,True,True,True,False,True,True,1.0,1.0,1.0,3.0,1.0,1.0,1.0,1.0,1.0,1.0,5.0
395.0,2026-01-05 12:31:10,control,16.833333333333332,True,True,True,False,True,True,1.0,1.0,1.0,3.0,1.0,1.0,1.0,1.0,1.0,1.0,5.0
396.0,2026-01-05 12:50:13,treatment,4.3,False,True,True,True,False,False,1.0,0.0,0.0,1.0,0.3333333333333333,1.0,0.0,0.0,0.0,0.0,1.0
397.0,2026-01-05 12:54:45,treatment,27.616666666666667,True,True,True,False,True,True,1.0,1.0,0.0,2.0,0.6666666666666666,1.0,1.0,1.0,0.0,0.0,3.0
400.0,2026-01-05 13:30:00,control,13.4,True,True,True,False,True,False,1.0,1.0,1.0,3.0,1.0,1.0,1.0,1.0,1.0,1.0,5.0
401.0,2026-01-05 13:50:16,treatment,13.116666666666667,True,True,True,False,True,False,0.0,0.0,0.0,0.0,0.0,0.0,0.0,0.0,0.0,0.0,0.0
402.0,2026-01-05 14:06:00,treatment,27.616666666666667,True,True,True,False,True,True,1.0,1.0,1.0,3.0,1.0,1.0,1.0,1.0,1.0,1.0,5.0
404.0,2026-01-05 14:48:38,treatment,14.233333333333333,True,True,True,False,True,False,1.0,1.0,1.0,3.0,1.0,1.0,0.0,0.0,0.0,0.0,1.0
406.0,2026-01-05 15:34:29,treatment,18.466666666666665,False,True,True,True,False,False,1.0,1.0,1.0,3.0,1.0,1.0,1.0,1.0,1.0,0.0,4.0
408.0,2026-01-05 15:57:23,control,13.8,True,True,True,False,True,False,1.0,1.0,1.0,3.0,1.0,1.0,1.0,1.0,1.0,1.0,5.0
409.0,2026-01-05 16:11:21,control,12.4,True,True,True,False,True,False,1.0,1.0,1.0,3.0,1.0,0.0,1.0,1.0,1.0,0.0,3.0
411.0,2026-01-05 16:39:13,control,23.85,True,True,True,False,True,True,1.0,0.0,0.0,1.0,0.3333333333333333,1.0,1.0,0.0,0.0,0.0,2.0
412.0,2026-01-05 17:05:58,control,14.783333333333333,True,True,True,False,True,False,0.0,0.0,1.0,1.0,0.3333333333333333,0.0,0.0,1.0,0.0,1.0,2.0
413.0,2026-01-05 17:21:31,control,14.816666666666666,True,True,True,False,True,False,1.0,1.0,0.0,2.0,0.6666666666666666,1.0,1.0,1.0,1.0,1.0,5.0
414.0,2026-01-05 17:36:29,treatment,8.466666666666667,True,True,True,False,True,False,1.0,1.0,1.0,3.0,1.0,1.0,1.0,1.0,0.0,1.0,4.0
416.0,2026-01-05 18:01:47,control,12.65,True,True,False,True,False,False,0.0,1.0,1.0,2.0,0.6666666666666666,1.0,1.0,1.0,1.0,1.0,5.0
417.0,2026-01-05 18:23:26,control,7.5,True,True,True,False,True,False,1.0,1.0,1.0,3.0,1.0,1.0,1.0,1.0,1.0,1.0,5.0
420.0,2026-01-05 19:29:05,control,14.85,True,True,True,False,True,False,1.0,1.0,1.0,3.0,1.0,1.0,1.0,1.0,1.0,1.0,5.0
426.0,2026-01-05 19:55:46,control,9.983333333333333,True,True,True,False,True,False,1.0,1.0,1.0,3.0,1.0,0.0,0.0,0.0,0.0,0.0,0.0
432.0,2026-01-05 20:44:20,treatment,10.733333333333333,True,True,True,False,True,False,1.0,0.0,1.0,2.0,0.6666666666666666,1.0,1.0,1.0,1.0,1.0,5.0
436.0,2026-01-05 21:07:46,control,11.95,True,True,True,False,True,False,0.0,1.0,1.0,2.0,0.6666666666666666,0.0,0.0,0.0,0.0,0.0,0.0
437.0,2026-01-05 21:20:02,control,6.35,True,True,True,False,True,False,0.0,0.0,0.0,0.0,0.0,1.0,0.0,1.0,0.0,0.0,2.0
438.0,2026-01-05 21:31:48,treatment,15.266666666666667,True,False,True,True,False,False,1.0,1.0,1.0,3.0,1.0,1.0,0.0,1.0,0.0,1.0,3.0
439.0,2026-01-05 21:47:54,treatment,17.283333333333335,True,True,True,False,True,True,0.0,0.0,0.0,0.0,0.0,1.0,1.0,1.0,1.0,1.0,5.0
441.0,2026-01-05 22:20:52,control,5.833333333333333,True,True,True,False,True,False,1.0,1.0,1.0,3.0,1.0,1.0,1.0,1.0,1.0,1.0,5.0
442.0,2026-01-05 22:29:30,control,34.8,True,True,True,False,True,True,0.0,1.0,0.0,1.0,0.3333333333333333,0.0,0.0,0.0,0.0,0.0,0.0
443.0,2026-01-05 23:11:42,treatment,14.516666666666667,False,True,True,True,False,False,1.0,0.0,1.0,2.0,0.6666666666666666,1.0,0.0,0.0,0.0,0.0,1.0
444.0,2026-01-05 23:26:31,treatment,21.333333333333332,True,True,True,False,True,True,0.0,0.0,0.0,0.0,0.0,1.0,1.0,1.0,1.0,1.0,5.0
446.0,2026-01-06 00:13:25,control,9.733333333333333,True,False,True,True,False,False,1.0,1.0,1.0,3.0,1.0,0.0,1.0,1.0,0.0,1.0,3.0
448.0,2026-01-06 00:35:51,control,20.4,True,True,True,False,True,True,1.0,1.0,1.0,3.0,1.0,1.0,1.0,1.0,1.0,1.0,5.0
449.0,2026-01-06 01:22:44,control,8.633333333333333,True,True,True,False,True,False,1.0,1.0,0.0,2.0,0.6666666666666666,1.0,1.0,1.0,1.0,1.0,5.0
451.0,2026-01-06 02:02:23,control,11.933333333333334,True,True,True,False,True,False,1.0,1.0,1.0,3.0,1.0,1.0,1.0,1.0,1.0,1.0,5.0
452.0,2026-01-06 02:14:31,treatment,15.383333333333333,True,True,True,False,True,True,0.0,0.0,1.0,1.0,0.3333333333333333,0.0,1.0,1.0,0.0,1.0,3.0
453.0,2026-01-06 02:35:32,control,13.85,True,True,True,False,True,False,0.0,0.0,1.0,1.0,0.3333333333333333,0.0,0.0,0.0,0.0,0.0,0.0
455.0,2026-01-06 02:59:14,control,18.383333333333333,True,True,True,False,True,True,1.0,1.0,0.0,2.0,0.6666666666666666,1.0,0.0,1.0,0.0,1.0,3.0
457.0,2026-01-06 03:27:18,control,21.983333333333334,True,True,True,False,True,True,1.0,1.0,0.0,2.0,0.6666666666666666,1.0,1.0,1.0,1.0,1.0,5.0
459.0,2026-01-06 03:50:30,treatment,19.233333333333334,True,True,True,False,True,True,1.0,1.0,1.0,3.0,1.0,0.0,0.0,1.0,0.0,0.0,1.0
462.0,2026-01-06 05:17:25,treatment,17.716666666666665,True,True,True,False,True,True,0.0,1.0,1.0,2.0,0.6666666666666666,1.0,1.0,1.0,1.0,1.0,5.0
463.0,2026-01-06 05:47:49,treatment,22.766666666666666,True,True,True,False,True,True,0.0,0.0,0.0,0.0,0.0,1.0,0.0,0.0,0.0,0.0,1.0
464.0,2026-01-06 06:14:44,control,16.316666666666666,True,True,True,False,True,True,1.0,1.0,1.0,3.0,1.0,1.0,1.0,1.0,1.0,1.0,5.0
465.0,2026-01-06 06:31:42,control,9.633333333333333,True,True,True,False,True,False,1.0,1.0,1.0,3.0,1.0,1.0,1.0,1.0,1.0,1.0,5.0
467.0,2026-01-06 06:52:18,treatment,13.733333333333333,True,True,True,False,True,False,1.0,1.0,0.0,2.0,0.6666666666666666,0.0,0.0,0.0,0.0,0.0,0.0
468.0,2026-01-06 07:10:49,treatment,24.083333333333332,True,True,True,False,True,True,1.0,1.0,1.0,3.0,1.0,1.0,1.0,1.0,1.0,1.0,5.0
469.0,2026-01-06 07:51:59,control,25.833333333333332,True,True,True,False,True,True,1.0,1.0,1.0,3.0,1.0,1.0,1.0,1.0,1.0,1.0,5.0
470.0,2026-01-06 08:18:14,control,22.366666666666667,True,True,True,False,True,True,1.0,0.0,1.0,2.0,0.6666666666666666,1.0,1.0,1.0,1.0,1.0,5.0
471.0,2026-01-06 08:57:08,control,27.266666666666666,True,True,True,False,True,True,1.0,1.0,1.0,3.0,1.0,0.0,1.0,1.0,0.0,1.0,3.0
472.0,2026-01-06 09:26:20,treatment,14.283333333333333,True,True,True,False,True,False,0.0,0.0,0.0,0.0,0.0,0.0,1.0,1.0,0.0,0.0,2.0
473.0,2026-01-06 09:44:48,control,26.316666666666666,True,True,True,False,True,True,0.0,0.0,0.0,0.0,0.0,1.0,0.0,0.0,0.0,0.0,1.0
